,old_index,filename,start,end,duration,transmitter,real_start,real_end
0,0,M1513966209_2017-12-22-18-10-09_tids_[99].h5,610.0,625.0,15.0,[99],2017-12-22 18:20:19,2017-12-22 18:20:34
1,1,M1514016609_2017-12-23-08-10-09_tids_[99].h5,950.0,985.0,35.0,[99],2017-12-23 08:25:59,2017-12-23 08:26:34
2,2,M1514164210_2017-12-25-01-10-10_tids_[99].h5,1305.0,1345.0,40.0,[99],2017-12-25 01:31:55,2017-12-25 01:32:35
3,3,M1514189410_2017-12-25-08-10-10_tids_[99].h5,1400.0,1445.0,45.0,[99],2017-12-25 08:33:30,2017-12-25 08:34:15
4,4,M1514211010_2017-12-25-14-10-10_tids_[99].h5,2650.0,2675.0,25.0,[99],2017-12-25 14:54:20,2017-12-25 14:54:45
5,5,M1514290210_2017-12-26-12-10-10_tids_[99].h5,785.0,825.0,40.0,[99],2017-12-26 12:23:15,2017-12-26 12:23:55
6,6,M1514308210_2017-12-26-17-10-10_tids_[99].h5,475.0,510.0,35.0,[99],2017-12-26 17:18:05,2017-12-26 17:18:40
7,7,M1514380210_2017-12-27-13-10-10_tids_[99].h5,875.0,920.0,45.0,[99],2017-12-27 13:24:45,2017-12-27 13:25:30
8,8,M1514455810_2017-12-28-10-10-10_tids_[99].h5,1165.0,1205.0,40.0,[99],2017-12-28 10:29:35,2017-12-28 10:30:15
9,9,M1514473808_2017-12-28-15-10-08_tids_[99].h5,1045.0,1085.0,40.0,[99],2017-12-28 15:27:33,2017-12-28 15:28:13
10,10,M1514614208_2017-12-30-06-10-08_tids_[99].h5,1630.0,1670.0,40.0,[99],2017-12-30 06:37:18,2017-12-30 06:37:58
11,11,M1514625008_2017-12-30-09-10-08_tids_[99].h5,1550.0,1585.0,35.0,[99],2017-12-30 09:35:58,2017-12-30 09:36:33
12,12,M1514632208_2017-12-30-11-10-08_tids_[99].h5,365.0,395.0,30.0,[99],2017-12-30 11:16:13,2017-12-30 11:16:43
13,13,M1514635808_2017-12-30-12-10-08_tids_[99].h5,1625.0,1655.0,30.0,[99],2017-12-30 12:37:13,2017-12-30 12:37:43
14,14,M1514639408_2017-12-30-13-10-08_tids_[99].h5,3465.0,3500.0,35.0,[99],2017-12-30 14:07:53,2017-12-30 14:08:28
15,15,M1514772609_2018-01-01-02-10-09_tids_[99].h5,2060.0,2090.0,30.0,[99],2018-01-01 02:44:29,2018-01-01 02:44:59
16,16,M1514877009_2018-01-02-07-10-09_tids_[99].h5,1595.0,1625.0,30.0,[99],2018-01-02 07:36:44,2018-01-02 07:37:14
17,17,M1514887809_2018-01-02-10-10-09_tids_[99].h5,690.0,720.0,30.0,[99],2018-01-02 10:21:39,2018-01-02 10:22:09
18,18,M1514905809_2018-01-02-15-10-09_tids_[99].h5,1350.0,1380.0,30.0,[99],2018-01-02 15:32:39,2018-01-02 15:33:09
19,19,M1514992209_2018-01-03-15-10-09_tids_[99].h5,3390.0,3415.0,25.0,[99],2018-01-03 16:06:39,2018-01-03 16:07:04
20,20,M1515067809_2018-01-04-12-10-09_tids_[99].h5,2145.0,2185.0,40.0,[99],2018-01-04 12:45:54,2018-01-04 12:46:34
21,21,M1515078609_2018-01-04-15-10-09_tids_[99].h5,885.0,930.0,45.0,[99],2018-01-04 15:24:54,2018-01-04 15:25:39
22,22,M1515175945_2018-01-05-18-12-25_tids_[99].h5,3300.0,3325.0,25.0,[99],2018-01-05 19:07:25,2018-01-05 19:07:50
23,23,M1515219145_2018-01-06-06-12-25_tids_[99].h5,495.0,525.0,30.0,[99],2018-01-06 06:20:40,2018-01-06 06:21:10
24,24,M1515251545_2018-01-06-15-12-25_tids_[99].h5,2360.0,2390.0,30.0,[99],2018-01-06 15:51:45,2018-01-06 15:52:15
25,25,M1515287566_2018-01-07-01-12-46_tids_[99].h5,1375.0,1410.0,35.0,[99],2018-01-07 01:35:41,2018-01-07 01:36:16
26,26,M1515305566_2018-01-07-06-12-46_tids_[99].h5,2510.0,2545.0,35.0,[99],2018-01-07 06:54:36,2018-01-07 06:55:11
27,27,M1515327166_2018-01-07-12-12-46_tids_[99].h5,3275.0,3305.0,30.0,[99],2018-01-07 13:07:21,2018-01-07 13:07:51
28,28,M1515355966_2018-01-07-20-12-46_tids_[99].h5,1560.0,1585.0,25.0,[99],2018-01-07 20:38:46,2018-01-07 20:39:11
29,29,M1515395566_2018-01-08-07-12-46_tids_[99].h5,805.0,830.0,25.0,[99],2018-01-08 07:26:11,2018-01-08 07:26:36
30,30,M1515492766_2018-01-09-10-12-46_tids_[99].h5,2270.0,2300.0,30.0,[99],2018-01-09 10:50:36,2018-01-09 10:51:06
31,31,M1515499966_2018-01-09-12-12-46_tids_[99].h5,2985.0,3015.0,30.0,[99],2018-01-09 13:02:31,2018-01-09 13:03:01
32,32,M1515503566_2018-01-09-13-12-46_tids_[99].h5,1350.0,1380.0,30.0,[99],2018-01-09 13:35:16,2018-01-09 13:35:46
33,33,M1515510766_2018-01-09-15-12-46_tids_[99].h5,2655.0,2685.0,30.0,[99],2018-01-09 15:57:01,2018-01-09 15:57:31
34,34,M1515517966_2018-01-09-17-12-46_tids_[99].h5,1595.0,1620.0,25.0,[99],2018-01-09 17:39:21,2018-01-09 17:39:46
35,35,M1515535966_2018-01-09-22-12-46_tids_[99].h5,2025.0,2060.0,35.0,[99],2018-01-09 22:46:31,2018-01-09 22:47:06
36,36,M1515572042_2018-01-10-08-14-02_tids_[99].h5,1810.0,1855.0,45.0,[99],2018-01-10 08:44:12,2018-01-10 08:44:57
37,37,M1515586627_2018-01-10-12-17-07_tids_[99].h5,2475.0,2510.0,35.0,[99],2018-01-10 12:58:22,2018-01-10 12:58:57
38,38,M1515637184_2018-01-11-02-19-44_tids_[99].h5,980.0,1005.0,25.0,[99],2018-01-11 02:36:04,2018-01-11 02:36:29
39,39,M1515655323_2018-01-11-07-22-03_tids_[99].h5,2075.0,2105.0,30.0,[99],2018-01-11 07:56:38,2018-01-11 07:57:08
40,40,M1515669769_2018-01-11-11-22-49_tids_[99].h5,2675.0,2700.0,25.0,[99],2018-01-11 12:07:24,2018-01-11 12:07:49
41,41,M1515673369_2018-01-11-12-22-49_tids_[99].h5,85.0,110.0,25.0,[99],2018-01-11 12:24:14,2018-01-11 12:24:39
42,42,M1515687793_2018-01-11-16-23-13_tids_[99].h5,200.0,225.0,25.0,[99],2018-01-11 16:26:33,2018-01-11 16:26:58
43,43,M1515698711_2018-01-11-19-25-11_tids_[99].h5,185.0,210.0,25.0,[99],2018-01-11 19:28:16,2018-01-11 19:28:41
44,44,M1515706004_2018-01-11-21-26-44_tids_[99].h5,2035.0,2050.0,15.0,[99],2018-01-11 22:00:39,2018-01-11 22:00:54
45,45,M1515709706_2018-01-11-22-28-26_tids_[99].h5,2180.0,2205.0,25.0,[99],2018-01-11 23:04:46,2018-01-11 23:05:11
46,46,M1515724211_2018-01-12-02-30-11_tids_[99].h5,1555.0,1570.0,15.0,[99],2018-01-12 02:56:06,2018-01-12 02:56:21
47,47,M1515731441_2018-01-12-04-30-41_tids_[99].h5,3510.0,3535.0,25.0,[99],2018-01-12 05:29:11,2018-01-12 05:29:36
48,48,M1515742285_2018-01-12-07-31-25_tids_[99].h5,2220.0,2245.0,25.0,[99],2018-01-12 08:08:25,2018-01-12 08:08:50
49,49,M1515745885_2018-01-12-08-31-25_tids_[99].h5,2175.0,2200.0,25.0,[99],2018-01-12 09:07:40,2018-01-12 09:08:05
50,50,M1515745885_2018-01-12-08-31-25_tids_[99].h5,3560.0,3585.0,25.0,[99],2018-01-12 09:30:45,2018-01-12 09:31:10
51,51,M1515749512_2018-01-12-09-31-52_tids_[99].h5,405.0,440.0,35.0,[99],2018-01-12 09:38:37,2018-01-12 09:39:12
52,52,M1515749512_2018-01-12-09-31-52_tids_[99].h5,2170.0,2195.0,25.0,[99],2018-01-12 10:08:02,2018-01-12 10:08:27
53,53,M1515749512_2018-01-12-09-31-52_tids_[99].h5,2790.0,2815.0,25.0,[99],2018-01-12 10:18:22,2018-01-12 10:18:47
54,54,M1515763923_2018-01-12-13-32-03_tids_[99].h5,1165.0,1190.0,25.0,[99],2018-01-12 13:51:28,2018-01-12 13:51:53
55,55,M1515774803_2018-01-12-16-33-23_tids_[99].h5,815.0,840.0,25.0,[99],2018-01-12 16:46:58,2018-01-12 16:47:23
56,56,M1515774803_2018-01-12-16-33-23_tids_[99].h5,2505.0,2530.0,25.0,[99],2018-01-12 17:15:08,2018-01-12 17:15:33
57,57,M1515774803_2018-01-12-16-33-23_tids_[99].h5,3340.0,3370.0,30.0,[99],2018-01-12 17:29:03,2018-01-12 17:29:33
58,58,M1515782003_2018-01-12-18-33-23_tids_[99].h5,1150.0,1170.0,20.0,[99],2018-01-12 18:52:33,2018-01-12 18:52:53
59,59,M1515800028_2018-01-12-23-33-48_tids_[99].h5,2380.0,2405.0,25.0,[99],2018-01-13 00:13:28,2018-01-13 00:13:53
60,60,M1515810858_2018-01-13-02-34-18_tids_[99].h5,3570.0,3595.0,25.0,[99],2018-01-13 03:33:48,2018-01-13 03:34:13
61,61,M1515818092_2018-01-13-04-34-52_tids_[99].h5,3285.0,3310.0,25.0,[99],2018-01-13 05:29:37,2018-01-13 05:30:02
62,62,M1515821692_2018-01-13-05-34-52_tids_[99].h5,85.0,110.0,25.0,[99],2018-01-13 05:36:17,2018-01-13 05:36:42
63,63,M1515825310_2018-01-13-06-35-10_tids_[99].h5,2420.0,2445.0,25.0,[99],2018-01-13 07:15:30,2018-01-13 07:15:55
64,64,M1515828910_2018-01-13-07-35-10_tids_[99].h5,615.0,640.0,25.0,[99],2018-01-13 07:45:25,2018-01-13 07:45:50
65,65,M1515832510_2018-01-13-08-35-10_tids_[99].h5,3220.0,3245.0,25.0,[99],2018-01-13 09:28:50,2018-01-13 09:29:15
66,66,M1515857777_2018-01-13-15-36-17_tids_[99].h5,950.0,980.0,30.0,[99],2018-01-13 15:52:07,2018-01-13 15:52:37
67,67,M1515864977_2018-01-13-17-36-17_tids_[99].h5,1005.0,1025.0,20.0,[99],2018-01-13 17:53:02,2018-01-13 17:53:22
68,68,M1515868577_2018-01-13-18-36-17_tids_[99].h5,3065.0,3090.0,25.0,[99],2018-01-13 19:27:22,2018-01-13 19:27:47
69,69,M1515882977_2018-01-13-22-36-17_tids_[99].h5,1630.0,1655.0,25.0,[99],2018-01-13 23:03:27,2018-01-13 23:03:52
70,70,M1515890177_2018-01-14-00-36-17_tids_[99].h5,1005.0,1030.0,25.0,[99],2018-01-14 00:53:02,2018-01-14 00:53:27
71,71,M1515904593_2018-01-14-04-36-33_tids_[99].h5,2650.0,2675.0,25.0,[99],2018-01-14 05:20:43,2018-01-14 05:21:08
72,72,M1515908193_2018-01-14-05-36-33_tids_[99].h5,1360.0,1380.0,20.0,[99],2018-01-14 05:59:13,2018-01-14 05:59:33
73,73,M1516168543_2018-01-17-05-55-43_tids_[99].h5,2645.0,2690.0,45.0,[99],2018-01-17 06:39:48,2018-01-17 06:40:33
74,74,M1516175743_2018-01-17-07-55-43_tids_[99].h5,3055.0,3095.0,40.0,[99],2018-01-17 08:46:38,2018-01-17 08:47:18
75,75,M1516179343_2018-01-17-08-55-43_tids_[99].h5,3220.0,3255.0,35.0,[99],2018-01-17 09:49:23,2018-01-17 09:49:58
76,76,M1516182943_2018-01-17-09-55-43_tids_[99].h5,2035.0,2065.0,30.0,[99],2018-01-17 10:29:38,2018-01-17 10:30:08
77,77,M1516186543_2018-01-17-10-55-43_tids_[99].h5,3550.0,3580.0,30.0,[99],2018-01-17 11:54:53,2018-01-17 11:55:23
78,78,M1516193743_2018-01-17-12-55-43_tids_[99].h5,2180.0,2215.0,35.0,[99],2018-01-17 13:32:03,2018-01-17 13:32:38
79,79,M1516197343_2018-01-17-13-55-43_tids_[99].h5,3475.0,3505.0,30.0,[99],2018-01-17 14:53:38,2018-01-17 14:54:08
80,80,M1516204543_2018-01-17-15-55-43_tids_[99].h5,2475.0,2505.0,30.0,[99],2018-01-17 16:36:58,2018-01-17 16:37:28
81,81,M1516233343_2018-01-17-23-55-43_tids_[99].h5,710.0,740.0,30.0,[99],2018-01-18 00:07:33,2018-01-18 00:08:03
82,82,M1516233343_2018-01-17-23-55-43_tids_[99].h5,2175.0,2205.0,30.0,[99],2018-01-18 00:31:58,2018-01-18 00:32:28
83,83,M1516244159_2018-01-18-02-55-59_tids_[99].h5,3130.0,3155.0,25.0,[99],2018-01-18 03:48:09,2018-01-18 03:48:34
84,84,M1516251412_2018-01-18-04-56-52_tids_[99].h5,130.0,155.0,25.0,[99],2018-01-18 04:59:02,2018-01-18 04:59:27
85,85,M1516258612_2018-01-18-06-56-52_tids_[99].h5,1710.0,1745.0,35.0,[99],2018-01-18 07:25:22,2018-01-18 07:25:57
86,86,M1516262212_2018-01-18-07-56-52_tids_[99].h5,1370.0,1395.0,25.0,[99],2018-01-18 08:19:42,2018-01-18 08:20:07
87,87,M1516269412_2018-01-18-09-56-52_tids_[99].h5,1945.0,1975.0,30.0,[99],2018-01-18 10:29:17,2018-01-18 10:29:47
88,88,M1516273012_2018-01-18-10-56-52_tids_[99].h5,1435.0,1460.0,25.0,[99],2018-01-18 11:20:47,2018-01-18 11:21:12
89,89,M1516280212_2018-01-18-12-56-52_tids_[99].h5,2150.0,2180.0,30.0,[99],2018-01-18 13:32:42,2018-01-18 13:33:12
90,90,M1516283812_2018-01-18-13-56-52_tids_[99].h5,3040.0,3070.0,30.0,[99],2018-01-18 14:47:32,2018-01-18 14:48:02
91,91,M1516291012_2018-01-18-15-56-52_tids_[99].h5,1390.0,1420.0,30.0,[99],2018-01-18 16:20:02,2018-01-18 16:20:32
92,92,M1516291012_2018-01-18-15-56-52_tids_[99].h5,3550.0,3580.0,30.0,[99],2018-01-18 16:56:02,2018-01-18 16:56:32
93,93,M1516294612_2018-01-18-16-56-52_tids_[99].h5,1275.0,1300.0,25.0,[99],2018-01-18 17:18:07,2018-01-18 17:18:32
94,94,M1516294612_2018-01-18-16-56-52_tids_[99].h5,3165.0,3190.0,25.0,[99],2018-01-18 17:49:37,2018-01-18 17:50:02
95,95,M1516298212_2018-01-18-17-56-52_tids_[99].h5,3205.0,3235.0,30.0,[99],2018-01-18 18:50:17,2018-01-18 18:50:47
96,96,M1516312612_2018-01-18-21-56-52_tids_[99].h5,2505.0,2525.0,20.0,[99],2018-01-18 22:38:37,2018-01-18 22:38:57
97,97,M1516316212_2018-01-18-22-56-52_tids_[99].h5,2845.0,2860.0,15.0,[99],2018-01-18 23:44:17,2018-01-18 23:44:32
98,98,M1516319812_2018-01-18-23-56-52_tids_[99].h5,2010.0,2030.0,20.0,[99],2018-01-19 00:30:22,2018-01-19 00:30:42
99,99,M1516352212_2018-01-19-08-56-52_tids_[99].h5,3145.0,3170.0,25.0,[99],2018-01-19 09:49:17,2018-01-19 09:49:42
100,100,M1516413412_2018-01-20-01-56-52_tids_[99].h5,2920.0,2950.0,30.0,[99],2018-01-20 02:45:32,2018-01-20 02:46:02
101,101,M1516532212_2018-01-21-10-56-52_tids_[99].h5,445.0,480.0,35.0,[99],2018-01-21 11:04:17,2018-01-21 11:04:52
102,102,M1516535812_2018-01-21-11-56-52_tids_[99].h5,2615.0,2650.0,35.0,[99],2018-01-21 12:40:27,2018-01-21 12:41:02
103,103,M1516568212_2018-01-21-20-56-52_tids_[99].h5,1380.0,1415.0,35.0,[99],2018-01-21 21:19:52,2018-01-21 21:20:27
104,104,M1516586288_2018-01-22-01-58-08_tids_[99].h5,2230.0,2255.0,25.0,[99],2018-01-22 02:35:18,2018-01-22 02:35:43
105,105,M1516589905_2018-01-22-02-58-25_tids_[99].h5,75.0,105.0,30.0,[99],2018-01-22 02:59:40,2018-01-22 03:00:10
106,106,M1516622411_2018-01-22-12-00-11_tids_[99].h5,1460.0,1500.0,40.0,[99],2018-01-22 12:24:31,2018-01-22 12:25:11
107,107,M1516647902_2018-01-22-19-05-02_tids_[99].h5,1300.0,1330.0,30.0,[99],2018-01-22 19:26:42,2018-01-22 19:27:12
108,108,M1516655102_2018-01-22-21-05-02_tids_[99].h5,1800.0,1830.0,30.0,[99],2018-01-22 21:35:02,2018-01-22 21:35:32
109,109,M1516720533_2018-01-23-15-15-33_tids_[99].h5,1875.0,1915.0,40.0,[99],2018-01-23 15:46:48,2018-01-23 15:47:28
110,110,M1516727733_2018-01-23-17-15-33_tids_[99].h5,955.0,990.0,35.0,[99],2018-01-23 17:31:28,2018-01-23 17:32:03
111,111,M1516734933_2018-01-23-19-15-33_tids_[99].h5,735.0,765.0,30.0,[99],2018-01-23 19:27:48,2018-01-23 19:28:18
112,112,M1516738533_2018-01-23-20-15-33_tids_[99].h5,2845.0,2875.0,30.0,[99],2018-01-23 21:02:58,2018-01-23 21:03:28
113,113,M1516767337_2018-01-24-04-15-37_tids_[99].h5,2570.0,2605.0,35.0,[99],2018-01-24 04:58:27,2018-01-24 04:59:02
114,114,M1514135410_2017-12-24-17-10-10_tids_[98].h5,445.0,475.0,30.0,[98],2017-12-24 17:17:35,2017-12-24 17:18:05
115,116,M1515233545_2018-01-06-10-12-25_tids_[98].h5,2275.0,2285.0,10.0,[98],2018-01-06 10:50:20,2018-01-06 10:50:30
116,117,M1515240745_2018-01-06-12-12-25_tids_[98].h5,2435.0,2465.0,30.0,[98],2018-01-06 12:53:00,2018-01-06 12:53:30
117,118,M1515244345_2018-01-06-13-12-25_tids_[98].h5,2405.0,2420.0,15.0,[98],2018-01-06 13:52:30,2018-01-06 13:52:45
118,119,M1515247945_2018-01-06-14-12-25_tids_[98].h5,3070.0,3090.0,20.0,[98],2018-01-06 15:03:35,2018-01-06 15:03:55
119,120,M1516409812_2018-01-20-00-56-52_tids_[98].h5,340.0,360.0,20.0,[98],2018-01-20 01:02:32,2018-01-20 01:02:52
120,121,M1516413412_2018-01-20-01-56-52_tids_[98].h5,2475.0,2495.0,20.0,[98],2018-01-20 02:38:07,2018-01-20 02:38:27
121,122,M1516420612_2018-01-20-03-56-52_tids_[98].h5,1335.0,1345.0,10.0,[98],2018-01-20 04:19:07,2018-01-20 04:19:17
122,123,M1516424212_2018-01-20-04-56-52_tids_[98].h5,2795.0,2825.0,30.0,[98],2018-01-20 05:43:27,2018-01-20 05:43:57
123,124,M1513948209_2017-12-22-13-10-09_tids_[97].h5,2225.0,2260.0,35.0,[97],2017-12-22 13:47:14,2017-12-22 13:47:49
124,125,M1513969809_2017-12-22-19-10-09_tids_[97].h5,3510.0,3540.0,30.0,[97],2017-12-22 20:08:39,2017-12-22 20:09:09
125,127,M1513977009_2017-12-22-21-10-09_tids_[97].h5,3495.0,3525.0,30.0,[97],2017-12-22 22:08:24,2017-12-22 22:08:54
126,129,M1513984209_2017-12-22-23-10-09_tids_[97].h5,865.0,890.0,25.0,[97],2017-12-22 23:24:34,2017-12-22 23:24:59
127,130,M1514005809_2017-12-23-05-10-09_tids_[97].h5,435.0,465.0,30.0,[97],2017-12-23 05:17:24,2017-12-23 05:17:54
128,131,M1514005809_2017-12-23-05-10-09_tids_[97].h5,2835.0,2870.0,35.0,[97],2017-12-23 05:57:24,2017-12-23 05:57:59
129,132,M1514013009_2017-12-23-07-10-09_tids_[97].h5,380.0,410.0,30.0,[97],2017-12-23 07:16:29,2017-12-23 07:16:59
130,133,M1514013009_2017-12-23-07-10-09_tids_[97].h5,2890.0,2920.0,30.0,[97],2017-12-23 07:58:19,2017-12-23 07:58:49
131,134,M1514020209_2017-12-23-09-10-09_tids_[97].h5,545.0,580.0,35.0,[97],2017-12-23 09:19:14,2017-12-23 09:19:49
132,135,M1514020209_2017-12-23-09-10-09_tids_[97].h5,2050.0,2085.0,35.0,[97],2017-12-23 09:44:19,2017-12-23 09:44:54
133,136,M1514023809_2017-12-23-10-10-09_tids_[97].h5,840.0,865.0,25.0,[97],2017-12-23 10:24:09,2017-12-23 10:24:34
134,137,M1514027410_2017-12-23-11-10-10_tids_[97].h5,350.0,380.0,30.0,[97],2017-12-23 11:16:00,2017-12-23 11:16:30
135,138,M1514027410_2017-12-23-11-10-10_tids_[97].h5,1995.0,2030.0,35.0,[97],2017-12-23 11:43:25,2017-12-23 11:44:00
136,139,M1514031010_2017-12-23-12-10-10_tids_[97].h5,1680.0,1715.0,35.0,[97],2017-12-23 12:38:10,2017-12-23 12:38:45
137,140,M1514031010_2017-12-23-12-10-10_tids_[97].h5,3020.0,3050.0,30.0,[97],2017-12-23 13:00:30,2017-12-23 13:01:00
138,141,M1514034609_2017-12-23-13-10-09_tids_[97].h5,1965.0,1995.0,30.0,[97],2017-12-23 13:42:54,2017-12-23 13:43:24
139,142,M1514034609_2017-12-23-13-10-09_tids_[97].h5,3560.0,3595.0,35.0,[97],2017-12-23 14:09:29,2017-12-23 14:10:04
140,144,M1514038209_2017-12-23-14-10-09_tids_[97].h5,2155.0,2190.0,35.0,[97],2017-12-23 14:46:04,2017-12-23 14:46:39
141,145,M1514041809_2017-12-23-15-10-09_tids_[97].h5,1005.0,1030.0,25.0,[97],2017-12-23 15:26:54,2017-12-23 15:27:19
142,146,M1514045409_2017-12-23-16-10-09_tids_[97].h5,560.0,585.0,25.0,[97],2017-12-23 16:19:29,2017-12-23 16:19:54
143,147,M1514045409_2017-12-23-16-10-09_tids_[97].h5,615.0,630.0,15.0,[97],2017-12-23 16:20:24,2017-12-23 16:20:39
144,148,M1514045409_2017-12-23-16-10-09_tids_[97].h5,2500.0,2525.0,25.0,[97],2017-12-23 16:51:49,2017-12-23 16:52:14
145,149,M1514049010_2017-12-23-17-10-10_tids_[97].h5,2180.0,2215.0,35.0,[97],2017-12-23 17:46:30,2017-12-23 17:47:05
146,150,M1514067010_2017-12-23-22-10-10_tids_[97].h5,1405.0,1440.0,35.0,[97],2017-12-23 22:33:35,2017-12-23 22:34:10
147,151,M1514077810_2017-12-24-01-10-10_tids_[97].h5,765.0,795.0,30.0,[97],2017-12-24 01:22:55,2017-12-24 01:23:25
148,152,M1514077810_2017-12-24-01-10-10_tids_[97].h5,3030.0,3060.0,30.0,[97],2017-12-24 02:00:40,2017-12-24 02:01:10
149,153,M1514081410_2017-12-24-02-10-10_tids_[97].h5,1545.0,1575.0,30.0,[97],2017-12-24 02:35:55,2017-12-24 02:36:25
150,154,M1514081410_2017-12-24-02-10-10_tids_[97].h5,2865.0,2895.0,30.0,[97],2017-12-24 02:57:55,2017-12-24 02:58:25
151,155,M1514149810_2017-12-24-21-10-10_tids_[97].h5,785.0,815.0,30.0,[97],2017-12-24 21:23:15,2017-12-24 21:23:45
152,156,M1514149810_2017-12-24-21-10-10_tids_[97].h5,1530.0,1560.0,30.0,[97],2017-12-24 21:35:40,2017-12-24 21:36:10
153,157,M1514160610_2017-12-25-00-10-10_tids_[97].h5,15.0,50.0,35.0,[97],2017-12-25 00:10:25,2017-12-25 00:11:00
154,158,M1514160610_2017-12-25-00-10-10_tids_[97].h5,3535.0,3565.0,30.0,[97],2017-12-25 01:09:05,2017-12-25 01:09:35
155,159,M1514189410_2017-12-25-08-10-10_tids_[97].h5,505.0,545.0,40.0,[97],2017-12-25 08:18:35,2017-12-25 08:19:15
156,160,M1514196610_2017-12-25-10-10-10_tids_[97].h5,3100.0,3130.0,30.0,[97],2017-12-25 11:01:50,2017-12-25 11:02:20
157,161,M1514211010_2017-12-25-14-10-10_tids_[97].h5,1325.0,1355.0,30.0,[97],2017-12-25 14:32:15,2017-12-25 14:32:45
158,162,M1514218210_2017-12-25-16-10-10_tids_[97].h5,430.0,465.0,35.0,[97],2017-12-25 16:17:20,2017-12-25 16:17:55
159,163,M1514221810_2017-12-25-17-10-10_tids_[97].h5,1745.0,1780.0,35.0,[97],2017-12-25 17:39:15,2017-12-25 17:39:50
160,164,M1514236210_2017-12-25-21-10-10_tids_[97].h5,2225.0,2260.0,35.0,[97],2017-12-25 21:47:15,2017-12-25 21:47:50
161,165,M1514239810_2017-12-25-22-10-10_tids_[97].h5,2540.0,2565.0,25.0,[97],2017-12-25 22:52:30,2017-12-25 22:52:55
162,166,M1514243410_2017-12-25-23-10-10_tids_[97].h5,3375.0,3410.0,35.0,[97],2017-12-26 00:06:25,2017-12-26 00:07:00
163,167,M1514250610_2017-12-26-01-10-10_tids_[97].h5,1110.0,1140.0,30.0,[97],2017-12-26 01:28:40,2017-12-26 01:29:10
164,168,M1514250610_2017-12-26-01-10-10_tids_[97].h5,2790.0,2815.0,25.0,[97],2017-12-26 01:56:40,2017-12-26 01:57:05
165,169,M1514254210_2017-12-26-02-10-10_tids_[97].h5,2555.0,2580.0,25.0,[97],2017-12-26 02:52:45,2017-12-26 02:53:10
166,170,M1514268610_2017-12-26-06-10-10_tids_[97].h5,2765.0,2805.0,40.0,[97],2017-12-26 06:56:15,2017-12-26 06:56:55
167,171,M1514272210_2017-12-26-07-10-10_tids_[97].h5,2405.0,2440.0,35.0,[97],2017-12-26 07:50:15,2017-12-26 07:50:50
168,172,M1514279410_2017-12-26-09-10-10_tids_[97].h5,465.0,500.0,35.0,[97],2017-12-26 09:17:55,2017-12-26 09:18:30
169,173,M1514283010_2017-12-26-10-10-10_tids_[97].h5,1575.0,1605.0,30.0,[97],2017-12-26 10:36:25,2017-12-26 10:36:55
170,174,M1514286610_2017-12-26-11-10-10_tids_[97].h5,980.0,1020.0,40.0,[97],2017-12-26 11:26:30,2017-12-26 11:27:10
171,175,M1514286610_2017-12-26-11-10-10_tids_[97].h5,2175.0,2215.0,40.0,[97],2017-12-26 11:46:25,2017-12-26 11:47:05
172,176,M1514290210_2017-12-26-12-10-10_tids_[97].h5,2240.0,2280.0,40.0,[97],2017-12-26 12:47:30,2017-12-26 12:48:10
173,177,M1514293810_2017-12-26-13-10-10_tids_[97].h5,1725.0,1765.0,40.0,[97],2017-12-26 13:38:55,2017-12-26 13:39:35
174,178,M1514297410_2017-12-26-14-10-10_tids_[97].h5,525.0,570.0,45.0,[97],2017-12-26 14:18:55,2017-12-26 14:19:40
175,179,M1514301010_2017-12-26-15-10-10_tids_[97].h5,1275.0,1300.0,25.0,[97],2017-12-26 15:31:25,2017-12-26 15:31:50
176,180,M1514322610_2017-12-26-21-10-10_tids_[97].h5,275.0,305.0,30.0,[97],2017-12-26 21:14:45,2017-12-26 21:15:15
177,181,M1514322610_2017-12-26-21-10-10_tids_[97].h5,2305.0,2330.0,25.0,[97],2017-12-26 21:48:35,2017-12-26 21:49:00
178,182,M1514333410_2017-12-27-00-10-10_tids_[97].h5,5.0,40.0,35.0,[97],2017-12-27 00:10:15,2017-12-27 00:10:50
179,183,M1514333410_2017-12-27-00-10-10_tids_[97].h5,2890.0,2920.0,30.0,[97],2017-12-27 00:58:20,2017-12-27 00:58:50
180,184,M1514340610_2017-12-27-02-10-10_tids_[97].h5,720.0,745.0,25.0,[97],2017-12-27 02:22:10,2017-12-27 02:22:35
181,185,M1514340610_2017-12-27-02-10-10_tids_[97].h5,2075.0,2095.0,20.0,[97],2017-12-27 02:44:45,2017-12-27 02:45:05
182,186,M1514355010_2017-12-27-06-10-10_tids_[97].h5,1040.0,1060.0,20.0,[97],2017-12-27 06:27:30,2017-12-27 06:27:50
183,187,M1514358610_2017-12-27-07-10-10_tids_[97].h5,590.0,625.0,35.0,[97],2017-12-27 07:20:00,2017-12-27 07:20:35
184,188,M1514362210_2017-12-27-08-10-10_tids_[97].h5,2195.0,2230.0,35.0,[97],2017-12-27 08:46:45,2017-12-27 08:47:20
185,189,M1514369410_2017-12-27-10-10-10_tids_[97].h5,1175.0,1210.0,35.0,[97],2017-12-27 10:29:45,2017-12-27 10:30:20
186,190,M1514369410_2017-12-27-10-10-10_tids_[97].h5,3065.0,3090.0,25.0,[97],2017-12-27 11:01:15,2017-12-27 11:01:40
187,191,M1514373010_2017-12-27-11-10-10_tids_[97].h5,2235.0,2270.0,35.0,[97],2017-12-27 11:47:25,2017-12-27 11:48:00
188,192,M1514380210_2017-12-27-13-10-10_tids_[97].h5,1750.0,1790.0,40.0,[97],2017-12-27 13:39:20,2017-12-27 13:40:00
189,193,M1514394610_2017-12-27-17-10-10_tids_[97].h5,1385.0,1425.0,40.0,[97],2017-12-27 17:33:15,2017-12-27 17:33:55
190,195,M1514459410_2017-12-28-11-10-10_tids_[97].h5,75.0,95.0,20.0,[97],2017-12-28 11:11:25,2017-12-28 11:11:45
191,196,M1514459410_2017-12-28-11-10-10_tids_[97].h5,1880.0,1910.0,30.0,[97],2017-12-28 11:41:30,2017-12-28 11:42:00
192,197,M1514459410_2017-12-28-11-10-10_tids_[97].h5,1940.0,1950.0,10.0,[97],2017-12-28 11:42:30,2017-12-28 11:42:40
193,198,M1514463008_2017-12-28-12-10-08_tids_[97].h5,1125.0,1160.0,35.0,[97],2017-12-28 12:28:53,2017-12-28 12:29:28
194,199,M1514463008_2017-12-28-12-10-08_tids_[97].h5,2210.0,2245.0,35.0,[97],2017-12-28 12:46:58,2017-12-28 12:47:33
195,201,M1514473808_2017-12-28-15-10-08_tids_[97].h5,3380.0,3420.0,40.0,[97],2017-12-28 16:06:28,2017-12-28 16:07:08
196,202,M1514481008_2017-12-28-17-10-08_tids_[97].h5,990.0,1030.0,40.0,[97],2017-12-28 17:26:38,2017-12-28 17:27:18
197,250,M1514254210_2017-12-26-02-10-10_tids_[110].h5,2660.0,2670.0,10.0,[110],2017-12-26 02:54:30,2017-12-26 02:54:40
198,251,M1514272210_2017-12-26-07-10-10_tids_[110].h5,465.0,480.0,15.0,[110],2017-12-26 07:17:55,2017-12-26 07:18:10
199,252,M1514297410_2017-12-26-14-10-10_tids_[110].h5,2735.0,2755.0,20.0,[110],2017-12-26 14:55:45,2017-12-26 14:56:05
200,253,M1514401810_2017-12-27-19-10-10_tids_[110].h5,1575.0,1585.0,10.0,[110],2017-12-27 19:36:25,2017-12-27 19:36:35
201,254,M1514473808_2017-12-28-15-10-08_tids_[110].h5,1890.0,1905.0,15.0,[110],2017-12-28 15:41:38,2017-12-28 15:41:53
202,255,M1514484608_2017-12-28-18-10-08_tids_[110].h5,1070.0,1085.0,15.0,[110],2017-12-28 18:27:58,2017-12-28 18:28:13
203,256,M1514499008_2017-12-28-22-10-08_tids_[110].h5,1275.0,1300.0,25.0,[110],2017-12-28 22:31:23,2017-12-28 22:31:48
204,257,M1514517008_2017-12-29-03-10-08_tids_[110].h5,2375.0,2400.0,25.0,[110],2017-12-29 03:49:43,2017-12-29 03:50:08
205,258,M1514549408_2017-12-29-12-10-08_tids_[110].h5,240.0,265.0,25.0,[110],2017-12-29 12:14:08,2017-12-29 12:14:33
206,259,M1514553008_2017-12-29-13-10-08_tids_[110].h5,3415.0,3440.0,25.0,[110],2017-12-29 14:07:03,2017-12-29 14:07:28
207,260,M1514567408_2017-12-29-17-10-08_tids_[110].h5,235.0,255.0,20.0,[110],2017-12-29 17:14:03,2017-12-29 17:14:23
208,261,M1514574608_2017-12-29-19-10-08_tids_[110].h5,2645.0,2665.0,20.0,[110],2017-12-29 19:54:13,2017-12-29 19:54:33
209,262,M1514585408_2017-12-29-22-10-08_tids_[110].h5,2370.0,2385.0,15.0,[110],2017-12-29 22:49:38,2017-12-29 22:49:53
210,263,M1514607008_2017-12-30-04-10-08_tids_[110].h5,3240.0,3260.0,20.0,[110],2017-12-30 05:04:08,2017-12-30 05:04:28
211,264,M1514625008_2017-12-30-09-10-08_tids_[110].h5,1620.0,1640.0,20.0,[110],2017-12-30 09:37:08,2017-12-30 09:37:28
212,265,M1514643008_2017-12-30-14-10-08_tids_[110].h5,1765.0,1820.0,55.0,[110],2017-12-30 14:39:33,2017-12-30 14:40:28
213,266,M1514653808_2017-12-30-17-10-08_tids_[110].h5,2740.0,2795.0,55.0,[110],2017-12-30 17:55:48,2017-12-30 17:56:43
214,267,M1514679008_2017-12-31-00-10-08_tids_[110].h5,925.0,955.0,30.0,[110],2017-12-31 00:25:33,2017-12-31 00:26:03
215,268,M1514682608_2017-12-31-01-10-08_tids_[110].h5,1550.0,1590.0,40.0,[110],2017-12-31 01:35:58,2017-12-31 01:36:38
216,269,M1514682608_2017-12-31-01-10-08_tids_[110].h5,2555.0,2595.0,40.0,[110],2017-12-31 01:52:43,2017-12-31 01:53:23
217,270,M1514682608_2017-12-31-01-10-08_tids_[110].h5,3590.0,3600.0,10.0,[110],2017-12-31 02:09:58,2017-12-31 02:10:08
218,273,M1514689808_2017-12-31-03-10-08_tids_[110].h5,1850.0,1895.0,45.0,[110],2017-12-31 03:40:58,2017-12-31 03:41:43
219,274,M1514689808_2017-12-31-03-10-08_tids_[110].h5,3200.0,3240.0,40.0,[110],2017-12-31 04:03:28,2017-12-31 04:04:08
220,275,M1514697008_2017-12-31-05-10-08_tids_[110].h5,215.0,235.0,20.0,[110],2017-12-31 05:13:43,2017-12-31 05:14:03
221,276,M1514697008_2017-12-31-05-10-08_tids_[110].h5,970.0,1010.0,40.0,[110],2017-12-31 05:26:18,2017-12-31 05:26:58
222,277,M1514700608_2017-12-31-06-10-08_tids_[110].h5,1895.0,1920.0,25.0,[110],2017-12-31 06:41:43,2017-12-31 06:42:08
223,278,M1514704208_2017-12-31-07-10-08_tids_[110].h5,2820.0,2845.0,25.0,[110],2017-12-31 07:57:08,2017-12-31 07:57:33
224,279,M1514707809_2017-12-31-08-10-09_tids_[110].h5,1580.0,1610.0,30.0,[110],2017-12-31 08:36:29,2017-12-31 08:36:59
225,280,M1514718608_2017-12-31-11-10-08_tids_[110].h5,3360.0,3380.0,20.0,[110],2017-12-31 12:06:08,2017-12-31 12:06:28
226,281,M1514722208_2017-12-31-12-10-08_tids_[110].h5,2160.0,2185.0,25.0,[110],2017-12-31 12:46:08,2017-12-31 12:46:33
227,282,M1514725808_2017-12-31-13-10-08_tids_[110].h5,1540.0,1560.0,20.0,[110],2017-12-31 13:35:48,2017-12-31 13:36:08
228,283,M1514729408_2017-12-31-14-10-08_tids_[110].h5,1050.0,1090.0,40.0,[110],2017-12-31 14:27:38,2017-12-31 14:28:18
229,284,M1514740208_2017-12-31-17-10-08_tids_[110].h5,2135.0,2160.0,25.0,[110],2017-12-31 17:45:43,2017-12-31 17:46:08
230,285,M1514740208_2017-12-31-17-10-08_tids_[110].h5,2730.0,2770.0,40.0,[110],2017-12-31 17:55:38,2017-12-31 17:56:18
231,286,M1514743809_2017-12-31-18-10-09_tids_[110].h5,2215.0,2235.0,20.0,[110],2017-12-31 18:47:04,2017-12-31 18:47:24
232,287,M1514747408_2017-12-31-19-10-08_tids_[110].h5,695.0,725.0,30.0,[110],2017-12-31 19:21:43,2017-12-31 19:22:13
233,288,M1514754609_2017-12-31-21-10-09_tids_[110].h5,545.0,565.0,20.0,[110],2017-12-31 21:19:14,2017-12-31 21:19:34
234,289,M1514754609_2017-12-31-21-10-09_tids_[110].h5,3490.0,3520.0,30.0,[110],2017-12-31 22:08:19,2017-12-31 22:08:49
235,290,M1514761809_2017-12-31-23-10-09_tids_[110].h5,1525.0,1545.0,20.0,[110],2017-12-31 23:35:34,2017-12-31 23:35:54
236,291,M1514769009_2018-01-01-01-10-09_tids_[110].h5,3480.0,3505.0,25.0,[110],2018-01-01 02:08:09,2018-01-01 02:08:34
237,292,M1514779809_2018-01-01-04-10-09_tids_[110].h5,415.0,440.0,25.0,[110],2018-01-01 04:17:04,2018-01-01 04:17:29
238,293,M1514779809_2018-01-01-04-10-09_tids_[110].h5,2045.0,2075.0,30.0,[110],2018-01-01 04:44:14,2018-01-01 04:44:44
239,294,M1514787009_2018-01-01-06-10-09_tids_[110].h5,1380.0,1405.0,25.0,[110],2018-01-01 06:33:09,2018-01-01 06:33:34
240,295,M1514808609_2018-01-01-12-10-09_tids_[110].h5,710.0,740.0,30.0,[110],2018-01-01 12:21:59,2018-01-01 12:22:29
241,296,M1514812209_2018-01-01-13-10-09_tids_[110].h5,2025.0,2055.0,30.0,[110],2018-01-01 13:43:54,2018-01-01 13:44:24
242,297,M1514815809_2018-01-01-14-10-09_tids_[110].h5,1665.0,1710.0,45.0,[110],2018-01-01 14:37:54,2018-01-01 14:38:39
243,298,M1514819409_2018-01-01-15-10-09_tids_[110].h5,2065.0,2095.0,30.0,[110],2018-01-01 15:44:34,2018-01-01 15:45:04
244,299,M1514823009_2018-01-01-16-10-09_tids_[110].h5,2815.0,2845.0,30.0,[110],2018-01-01 16:57:04,2018-01-01 16:57:34
245,300,M1514826609_2018-01-01-17-10-09_tids_[110].h5,3535.0,3565.0,30.0,[110],2018-01-01 18:09:04,2018-01-01 18:09:34
246,301,M1514830209_2018-01-01-18-10-09_tids_[110].h5,2800.0,2825.0,25.0,[110],2018-01-01 18:56:49,2018-01-01 18:57:14
247,302,M1514833809_2018-01-01-19-10-09_tids_[110].h5,1330.0,1370.0,40.0,[110],2018-01-01 19:32:19,2018-01-01 19:32:59
248,303,M1514841009_2018-01-01-21-10-09_tids_[110].h5,1520.0,1545.0,25.0,[110],2018-01-01 21:35:29,2018-01-01 21:35:54
249,304,M1514841009_2018-01-01-21-10-09_tids_[110].h5,1585.0,1620.0,35.0,[110],2018-01-01 21:36:34,2018-01-01 21:37:09
250,305,M1514848209_2018-01-01-23-10-09_tids_[110].h5,2935.0,2965.0,30.0,[110],2018-01-01 23:59:04,2018-01-01 23:59:34
251,306,M1514851809_2018-01-02-00-10-09_tids_[110].h5,55.0,85.0,30.0,[110],2018-01-02 00:11:04,2018-01-02 00:11:34
252,307,M1514855409_2018-01-02-01-10-09_tids_[110].h5,780.0,815.0,35.0,[110],2018-01-02 01:23:09,2018-01-02 01:23:44
253,308,M1514855409_2018-01-02-01-10-09_tids_[110].h5,2705.0,2740.0,35.0,[110],2018-01-02 01:55:14,2018-01-02 01:55:49
254,309,M1514855409_2018-01-02-01-10-09_tids_[110].h5,3250.0,3295.0,45.0,[110],2018-01-02 02:04:19,2018-01-02 02:05:04
255,310,M1514859009_2018-01-02-02-10-09_tids_[110].h5,250.0,290.0,40.0,[110],2018-01-02 02:14:19,2018-01-02 02:14:59
256,312,M1514866209_2018-01-02-04-10-09_tids_[110].h5,270.0,295.0,25.0,[110],2018-01-02 04:14:39,2018-01-02 04:15:04
257,313,M1514866209_2018-01-02-04-10-09_tids_[110].h5,2460.0,2490.0,30.0,[110],2018-01-02 04:51:09,2018-01-02 04:51:39
258,314,M1514873409_2018-01-02-06-10-09_tids_[110].h5,1335.0,1355.0,20.0,[110],2018-01-02 06:32:24,2018-01-02 06:32:44
259,315,M1514880609_2018-01-02-08-10-09_tids_[110].h5,160.0,190.0,30.0,[110],2018-01-02 08:12:49,2018-01-02 08:13:19
260,316,M1514891409_2018-01-02-11-10-09_tids_[110].h5,3035.0,3065.0,30.0,[110],2018-01-02 12:00:44,2018-01-02 12:01:14
261,317,M1514895009_2018-01-02-12-10-09_tids_[110].h5,3420.0,3455.0,35.0,[110],2018-01-02 13:07:09,2018-01-02 13:07:44
262,318,M1514902209_2018-01-02-14-10-09_tids_[110].h5,1230.0,1265.0,35.0,[110],2018-01-02 14:30:39,2018-01-02 14:31:14
263,319,M1514920209_2018-01-02-19-10-09_tids_[110].h5,705.0,735.0,30.0,[110],2018-01-02 19:21:54,2018-01-02 19:22:24
264,320,M1514920209_2018-01-02-19-10-09_tids_[110].h5,2510.0,2535.0,25.0,[110],2018-01-02 19:51:59,2018-01-02 19:52:24
265,321,M1514934609_2018-01-02-23-10-09_tids_[110].h5,2750.0,2780.0,30.0,[110],2018-01-02 23:55:59,2018-01-02 23:56:29
266,322,M1514959809_2018-01-03-06-10-09_tids_[110].h5,2605.0,2630.0,25.0,[110],2018-01-03 06:53:34,2018-01-03 06:53:59
267,323,M1514967009_2018-01-03-08-10-09_tids_[110].h5,310.0,355.0,45.0,[110],2018-01-03 08:15:19,2018-01-03 08:16:04
268,324,M1514970609_2018-01-03-09-10-09_tids_[110].h5,1685.0,1715.0,30.0,[110],2018-01-03 09:38:14,2018-01-03 09:38:44
269,325,M1514974209_2018-01-03-10-10-09_tids_[110].h5,1665.0,1700.0,35.0,[110],2018-01-03 10:37:54,2018-01-03 10:38:29
270,326,M1514988609_2018-01-03-14-10-09_tids_[110].h5,1665.0,1700.0,35.0,[110],2018-01-03 14:37:54,2018-01-03 14:38:29
271,327,M1514999409_2018-01-03-17-10-09_tids_[110].h5,1850.0,1890.0,40.0,[110],2018-01-03 17:40:59,2018-01-03 17:41:39
272,328,M1515003009_2018-01-03-18-10-09_tids_[110].h5,975.0,1010.0,35.0,[110],2018-01-03 18:26:24,2018-01-03 18:26:59
273,329,M1515006609_2018-01-03-19-10-09_tids_[110].h5,1210.0,1240.0,30.0,[110],2018-01-03 19:30:19,2018-01-03 19:30:49
274,330,M1515013809_2018-01-03-21-10-09_tids_[110].h5,2730.0,2760.0,30.0,[110],2018-01-03 21:55:39,2018-01-03 21:56:09
275,331,M1515017409_2018-01-03-22-10-09_tids_[110].h5,2940.0,2965.0,25.0,[110],2018-01-03 22:59:09,2018-01-03 22:59:34
276,332,M1515024609_2018-01-04-00-10-09_tids_[110].h5,1195.0,1230.0,35.0,[110],2018-01-04 00:30:04,2018-01-04 00:30:39
277,333,M1515028209_2018-01-04-01-10-09_tids_[110].h5,1150.0,1175.0,25.0,[110],2018-01-04 01:29:19,2018-01-04 01:29:44
278,334,M1515031809_2018-01-04-02-10-09_tids_[110].h5,3220.0,3250.0,30.0,[110],2018-01-04 03:03:49,2018-01-04 03:04:19
279,335,M1515039009_2018-01-04-04-10-09_tids_[110].h5,440.0,470.0,30.0,[110],2018-01-04 04:17:29,2018-01-04 04:17:59
280,336,M1515039009_2018-01-04-04-10-09_tids_[110].h5,1910.0,1945.0,35.0,[110],2018-01-04 04:41:59,2018-01-04 04:42:34
281,337,M1515042609_2018-01-04-05-10-09_tids_[110].h5,2410.0,2445.0,35.0,[110],2018-01-04 05:50:19,2018-01-04 05:50:54
282,338,M1515046209_2018-01-04-06-10-09_tids_[110].h5,3520.0,3545.0,25.0,[110],2018-01-04 07:08:49,2018-01-04 07:09:14
283,339,M1515053409_2018-01-04-08-10-09_tids_[110].h5,925.0,960.0,35.0,[110],2018-01-04 08:25:34,2018-01-04 08:26:09
284,340,M1515053409_2018-01-04-08-10-09_tids_[110].h5,3200.0,3230.0,30.0,[110],2018-01-04 09:03:29,2018-01-04 09:03:59
285,341,M1515057009_2018-01-04-09-10-09_tids_[110].h5,2775.0,2800.0,25.0,[110],2018-01-04 09:56:24,2018-01-04 09:56:49
286,342,M1515064209_2018-01-04-11-10-09_tids_[110].h5,1420.0,1455.0,35.0,[110],2018-01-04 11:33:49,2018-01-04 11:34:24
287,343,M1515067809_2018-01-04-12-10-09_tids_[110].h5,1275.0,1310.0,35.0,[110],2018-01-04 12:31:24,2018-01-04 12:31:59
288,344,M1515071409_2018-01-04-13-10-09_tids_[110].h5,850.0,875.0,25.0,[110],2018-01-04 13:24:19,2018-01-04 13:24:44
289,345,M1515071409_2018-01-04-13-10-09_tids_[110].h5,3490.0,3530.0,40.0,[110],2018-01-04 14:08:19,2018-01-04 14:08:59
290,346,M1515075009_2018-01-04-14-10-09_tids_[110].h5,2295.0,2330.0,35.0,[110],2018-01-04 14:48:24,2018-01-04 14:48:59
291,347,M1515078609_2018-01-04-15-10-09_tids_[110].h5,1510.0,1550.0,40.0,[110],2018-01-04 15:35:19,2018-01-04 15:35:59
292,348,M1515082209_2018-01-04-16-10-09_tids_[110].h5,945.0,975.0,30.0,[110],2018-01-04 16:25:54,2018-01-04 16:26:24
293,349,M1515085824_2018-01-04-17-10-24_tids_[110].h5,1765.0,1805.0,40.0,[110],2018-01-04 17:39:49,2018-01-04 17:40:29
294,350,M1515089424_2018-01-04-18-10-24_tids_[110].h5,810.0,845.0,35.0,[110],2018-01-04 18:23:54,2018-01-04 18:24:29
295,351,M1513951809_2017-12-22-14-10-09_tids_[108].h5,1975.0,2005.0,30.0,[108],2017-12-22 14:43:04,2017-12-22 14:43:34
296,352,M1513977009_2017-12-22-21-10-09_tids_[108].h5,340.0,350.0,10.0,[108],2017-12-22 21:15:49,2017-12-22 21:15:59
297,353,M1514254210_2017-12-26-02-10-10_tids_[108].h5,3265.0,3315.0,50.0,[108],2017-12-26 03:04:35,2017-12-26 03:05:25
298,354,M1514272210_2017-12-26-07-10-10_tids_[108].h5,435.0,480.0,45.0,[108],2017-12-26 07:17:25,2017-12-26 07:18:10
299,355,M1514275810_2017-12-26-08-10-10_tids_[108].h5,2995.0,3035.0,40.0,[108],2017-12-26 09:00:05,2017-12-26 09:00:45
300,356,M1514283010_2017-12-26-10-10-10_tids_[108].h5,3395.0,3435.0,40.0,[108],2017-12-26 11:06:45,2017-12-26 11:07:25
301,357,M1514293810_2017-12-26-13-10-10_tids_[108].h5,1580.0,1620.0,40.0,[108],2017-12-26 13:36:30,2017-12-26 13:37:10
302,358,M1514355010_2017-12-27-06-10-10_tids_[108].h5,930.0,970.0,40.0,[108],2017-12-27 06:25:40,2017-12-27 06:26:20
303,359,M1514643008_2017-12-30-14-10-08_tids_[108].h5,3230.0,3280.0,50.0,[108],2017-12-30 15:03:58,2017-12-30 15:04:48
304,360,M1514679008_2017-12-31-00-10-08_tids_[108].h5,3450.0,3490.0,40.0,[108],2017-12-31 01:07:38,2017-12-31 01:08:18
305,361,M1514693408_2017-12-31-04-10-08_tids_[108].h5,3300.0,3330.0,30.0,[108],2017-12-31 05:05:08,2017-12-31 05:05:38
306,362,M1514722208_2017-12-31-12-10-08_tids_[108].h5,1260.0,1290.0,30.0,[108],2017-12-31 12:31:08,2017-12-31 12:31:38
307,363,M1514729408_2017-12-31-14-10-08_tids_[108].h5,1425.0,1455.0,30.0,[108],2017-12-31 14:33:53,2017-12-31 14:34:23
308,364,M1514733008_2017-12-31-15-10-08_tids_[108].h5,3465.0,3495.0,30.0,[108],2017-12-31 16:07:53,2017-12-31 16:08:23
309,365,M1514783409_2018-01-01-05-10-09_tids_[108].h5,3150.0,3175.0,25.0,[108],2018-01-01 06:02:39,2018-01-01 06:03:04
310,366,M1514805009_2018-01-01-11-10-09_tids_[108].h5,930.0,955.0,25.0,[108],2018-01-01 11:25:39,2018-01-01 11:26:04
311,367,M1515049809_2018-01-04-07-10-09_tids_[108].h5,610.0,645.0,35.0,[108],2018-01-04 07:20:19,2018-01-04 07:20:54
312,368,M1515064209_2018-01-04-11-10-09_tids_[108].h5,910.0,950.0,40.0,[108],2018-01-04 11:25:19,2018-01-04 11:25:59
313,369,M1515075009_2018-01-04-14-10-09_tids_[108].h5,1115.0,1145.0,30.0,[108],2018-01-04 14:28:44,2018-01-04 14:29:14
314,370,M1515085824_2018-01-04-17-10-24_tids_[108].h5,695.0,735.0,40.0,[108],2018-01-04 17:21:59,2018-01-04 17:22:39
315,371,M1515172330_2018-01-05-17-12-10_tids_[108].h5,2625.0,2655.0,30.0,[108],2018-01-05 17:55:55,2018-01-05 17:56:25
316,372,M1515175945_2018-01-05-18-12-25_tids_[108].h5,1130.0,1160.0,30.0,[108],2018-01-05 18:31:15,2018-01-05 18:31:45
317,373,M1515179545_2018-01-05-19-12-25_tids_[108].h5,1570.0,1595.0,25.0,[108],2018-01-05 19:38:35,2018-01-05 19:39:00
318,374,M1515179545_2018-01-05-19-12-25_tids_[108].h5,3185.0,3215.0,30.0,[108],2018-01-05 20:05:30,2018-01-05 20:06:00
319,375,M1515183145_2018-01-05-20-12-25_tids_[108].h5,1250.0,1280.0,30.0,[108],2018-01-05 20:33:15,2018-01-05 20:33:45
320,376,M1515190345_2018-01-05-22-12-25_tids_[108].h5,3540.0,3570.0,30.0,[108],2018-01-05 23:11:25,2018-01-05 23:11:55
321,377,M1515211945_2018-01-06-04-12-25_tids_[108].h5,1945.0,1975.0,30.0,[108],2018-01-06 04:44:50,2018-01-06 04:45:20
322,378,M1515219145_2018-01-06-06-12-25_tids_[108].h5,3450.0,3475.0,25.0,[108],2018-01-06 07:09:55,2018-01-06 07:10:20
323,379,M1515226345_2018-01-06-08-12-25_tids_[108].h5,285.0,310.0,25.0,[108],2018-01-06 08:17:10,2018-01-06 08:17:35
324,380,M1515229945_2018-01-06-09-12-25_tids_[108].h5,3515.0,3550.0,35.0,[108],2018-01-06 10:11:00,2018-01-06 10:11:35
325,381,M1515233545_2018-01-06-10-12-25_tids_[108].h5,1630.0,1650.0,20.0,[108],2018-01-06 10:39:35,2018-01-06 10:39:55
326,382,M1515240745_2018-01-06-12-12-25_tids_[108].h5,10.0,50.0,40.0,[108],2018-01-06 12:12:35,2018-01-06 12:13:15
327,383,M1515240745_2018-01-06-12-12-25_tids_[108].h5,3450.0,3480.0,30.0,[108],2018-01-06 13:09:55,2018-01-06 13:10:25
328,384,M1515244345_2018-01-06-13-12-25_tids_[108].h5,3445.0,3470.0,25.0,[108],2018-01-06 14:09:50,2018-01-06 14:10:15
329,385,M1515251545_2018-01-06-15-12-25_tids_[108].h5,2970.0,3000.0,30.0,[108],2018-01-06 16:01:55,2018-01-06 16:02:25
330,386,M1515255145_2018-01-06-16-12-25_tids_[108].h5,585.0,615.0,30.0,[108],2018-01-06 16:22:10,2018-01-06 16:22:40
331,387,M1515255145_2018-01-06-16-12-25_tids_[108].h5,1875.0,1895.0,20.0,[108],2018-01-06 16:43:40,2018-01-06 16:44:00
332,388,M1515255145_2018-01-06-16-12-25_tids_[108].h5,2670.0,2695.0,25.0,[108],2018-01-06 16:56:55,2018-01-06 16:57:20
333,389,M1515258745_2018-01-06-17-12-25_tids_[108].h5,375.0,395.0,20.0,[108],2018-01-06 17:18:40,2018-01-06 17:19:00
334,390,M1515258745_2018-01-06-17-12-25_tids_[108].h5,3240.0,3265.0,25.0,[108],2018-01-06 18:06:25,2018-01-06 18:06:50
335,391,M1515273166_2018-01-06-21-12-46_tids_[108].h5,2505.0,2530.0,25.0,[108],2018-01-06 21:54:31,2018-01-06 21:54:56
336,392,M1515276766_2018-01-06-22-12-46_tids_[108].h5,2465.0,2490.0,25.0,[108],2018-01-06 22:53:51,2018-01-06 22:54:16
337,393,M1515283966_2018-01-07-00-12-46_tids_[108].h5,610.0,635.0,25.0,[108],2018-01-07 00:22:56,2018-01-07 00:23:21
338,394,M1515291166_2018-01-07-02-12-46_tids_[108].h5,2385.0,2415.0,30.0,[108],2018-01-07 02:52:31,2018-01-07 02:53:01
339,395,M1515294766_2018-01-07-03-12-46_tids_[108].h5,1685.0,1710.0,25.0,[108],2018-01-07 03:40:51,2018-01-07 03:41:16
340,397,M1515294766_2018-01-07-03-12-46_tids_[108].h5,3575.0,3600.0,25.0,[108],2018-01-07 04:12:21,2018-01-07 04:12:46
341,398,M1515298366_2018-01-07-04-12-46_tids_[108].h5,1285.0,1310.0,25.0,[108],2018-01-07 04:34:11,2018-01-07 04:34:36
342,399,M1515298366_2018-01-07-04-12-46_tids_[108].h5,2750.0,2775.0,25.0,[108],2018-01-07 04:58:36,2018-01-07 04:59:01
343,400,M1515301966_2018-01-07-05-12-46_tids_[108].h5,115.0,140.0,25.0,[108],2018-01-07 05:14:41,2018-01-07 05:15:06
344,401,M1515301966_2018-01-07-05-12-46_tids_[108].h5,2880.0,2910.0,30.0,[108],2018-01-07 06:00:46,2018-01-07 06:01:16
345,402,M1515309166_2018-01-07-07-12-46_tids_[108].h5,565.0,590.0,25.0,[108],2018-01-07 07:22:11,2018-01-07 07:22:36
346,403,M1515312766_2018-01-07-08-12-46_tids_[108].h5,1260.0,1280.0,20.0,[108],2018-01-07 08:33:46,2018-01-07 08:34:06
347,404,M1515316366_2018-01-07-09-12-46_tids_[108].h5,605.0,635.0,30.0,[108],2018-01-07 09:22:51,2018-01-07 09:23:21
348,405,M1515316366_2018-01-07-09-12-46_tids_[108].h5,2690.0,2715.0,25.0,[108],2018-01-07 09:57:36,2018-01-07 09:58:01
349,406,M1515319966_2018-01-07-10-12-46_tids_[108].h5,2985.0,3015.0,30.0,[108],2018-01-07 11:02:31,2018-01-07 11:03:01
350,407,M1515323566_2018-01-07-11-12-46_tids_[108].h5,2785.0,2825.0,40.0,[108],2018-01-07 11:59:11,2018-01-07 11:59:51
351,408,M1515327166_2018-01-07-12-12-46_tids_[108].h5,725.0,755.0,30.0,[108],2018-01-07 12:24:51,2018-01-07 12:25:21
352,409,M1515337966_2018-01-07-15-12-46_tids_[108].h5,2535.0,2570.0,35.0,[108],2018-01-07 15:55:01,2018-01-07 15:55:36
353,410,M1515345166_2018-01-07-17-12-46_tids_[108].h5,255.0,290.0,35.0,[108],2018-01-07 17:17:01,2018-01-07 17:17:36
354,411,M1515345166_2018-01-07-17-12-46_tids_[108].h5,3160.0,3190.0,30.0,[108],2018-01-07 18:05:26,2018-01-07 18:05:56
355,412,M1515348766_2018-01-07-18-12-46_tids_[108].h5,2305.0,2335.0,30.0,[108],2018-01-07 18:51:11,2018-01-07 18:51:41
356,413,M1515352366_2018-01-07-19-12-46_tids_[108].h5,625.0,665.0,40.0,[108],2018-01-07 19:23:11,2018-01-07 19:23:51
357,414,M1515352366_2018-01-07-19-12-46_tids_[108].h5,2470.0,2505.0,35.0,[108],2018-01-07 19:53:56,2018-01-07 19:54:31
358,415,M1515355966_2018-01-07-20-12-46_tids_[108].h5,1405.0,1430.0,25.0,[108],2018-01-07 20:36:11,2018-01-07 20:36:36
359,416,M1515355966_2018-01-07-20-12-46_tids_[108].h5,3395.0,3425.0,30.0,[108],2018-01-07 21:09:21,2018-01-07 21:09:51
360,417,M1515359566_2018-01-07-21-12-46_tids_[108].h5,1095.0,1130.0,35.0,[108],2018-01-07 21:31:01,2018-01-07 21:31:36
361,418,M1515359566_2018-01-07-21-12-46_tids_[108].h5,2435.0,2460.0,25.0,[108],2018-01-07 21:53:21,2018-01-07 21:53:46
362,420,M1515363166_2018-01-07-22-12-46_tids_[108].h5,1345.0,1380.0,35.0,[108],2018-01-07 22:35:11,2018-01-07 22:35:46
363,421,M1515366766_2018-01-07-23-12-46_tids_[108].h5,835.0,860.0,25.0,[108],2018-01-07 23:26:41,2018-01-07 23:27:06
364,422,M1515366766_2018-01-07-23-12-46_tids_[108].h5,2580.0,2600.0,20.0,[108],2018-01-07 23:55:46,2018-01-07 23:56:06
365,423,M1515370366_2018-01-08-00-12-46_tids_[108].h5,2605.0,2625.0,20.0,[108],2018-01-08 00:56:11,2018-01-08 00:56:31
366,424,M1515373966_2018-01-08-01-12-46_tids_[108].h5,1830.0,1850.0,20.0,[108],2018-01-08 01:43:16,2018-01-08 01:43:36
367,425,M1515377566_2018-01-08-02-12-46_tids_[108].h5,445.0,470.0,25.0,[108],2018-01-08 02:20:11,2018-01-08 02:20:36
368,426,M1515377566_2018-01-08-02-12-46_tids_[108].h5,2450.0,2475.0,25.0,[108],2018-01-08 02:53:36,2018-01-08 02:54:01
369,427,M1515381166_2018-01-08-03-12-46_tids_[108].h5,1855.0,1870.0,15.0,[108],2018-01-08 03:43:41,2018-01-08 03:43:56
370,428,M1515381166_2018-01-08-03-12-46_tids_[108].h5,3365.0,3390.0,25.0,[108],2018-01-08 04:08:51,2018-01-08 04:09:16
371,429,M1515384766_2018-01-08-04-12-46_tids_[108].h5,2250.0,2285.0,35.0,[108],2018-01-08 04:50:16,2018-01-08 04:50:51
372,430,M1515388366_2018-01-08-05-12-46_tids_[108].h5,1105.0,1145.0,40.0,[108],2018-01-08 05:31:11,2018-01-08 05:31:51
373,432,M1515388366_2018-01-08-05-12-46_tids_[108].h5,2205.0,2225.0,20.0,[108],2018-01-08 05:49:31,2018-01-08 05:49:51
374,433,M1515388366_2018-01-08-05-12-46_tids_[108].h5,2580.0,2610.0,30.0,[108],2018-01-08 05:55:46,2018-01-08 05:56:16
375,434,M1515388366_2018-01-08-05-12-46_tids_[108].h5,3380.0,3415.0,35.0,[108],2018-01-08 06:09:06,2018-01-08 06:09:41
376,435,M1515391966_2018-01-08-06-12-46_tids_[108].h5,2100.0,2130.0,30.0,[108],2018-01-08 06:47:46,2018-01-08 06:48:16
377,436,M1515391966_2018-01-08-06-12-46_tids_[108].h5,3510.0,3540.0,30.0,[108],2018-01-08 07:11:16,2018-01-08 07:11:46
378,437,M1515395566_2018-01-08-07-12-46_tids_[108].h5,1260.0,1295.0,35.0,[108],2018-01-08 07:33:46,2018-01-08 07:34:21
379,438,M1515395566_2018-01-08-07-12-46_tids_[108].h5,3215.0,3240.0,25.0,[108],2018-01-08 08:06:21,2018-01-08 08:06:46
380,439,M1515399166_2018-01-08-08-12-46_tids_[108].h5,1380.0,1410.0,30.0,[108],2018-01-08 08:35:46,2018-01-08 08:36:16
381,440,M1515399166_2018-01-08-08-12-46_tids_[108].h5,3340.0,3360.0,20.0,[108],2018-01-08 09:08:26,2018-01-08 09:08:46
382,441,M1515402766_2018-01-08-09-12-46_tids_[108].h5,2775.0,2795.0,20.0,[108],2018-01-08 09:59:01,2018-01-08 09:59:21
383,442,M1515406366_2018-01-08-10-12-46_tids_[108].h5,760.0,785.0,25.0,[108],2018-01-08 10:25:26,2018-01-08 10:25:51
384,443,M1515406366_2018-01-08-10-12-46_tids_[108].h5,2940.0,2960.0,20.0,[108],2018-01-08 11:01:46,2018-01-08 11:02:06
385,444,M1515409966_2018-01-08-11-12-46_tids_[108].h5,800.0,825.0,25.0,[108],2018-01-08 11:26:06,2018-01-08 11:26:31
386,445,M1515409966_2018-01-08-11-12-46_tids_[108].h5,1265.0,1290.0,25.0,[108],2018-01-08 11:33:51,2018-01-08 11:34:16
387,446,M1515409966_2018-01-08-11-12-46_tids_[108].h5,3220.0,3240.0,20.0,[108],2018-01-08 12:06:26,2018-01-08 12:06:46
388,447,M1515413566_2018-01-08-12-12-46_tids_[108].h5,1545.0,1575.0,30.0,[108],2018-01-08 12:38:31,2018-01-08 12:39:01
389,448,M1515413566_2018-01-08-12-12-46_tids_[108].h5,3180.0,3220.0,40.0,[108],2018-01-08 13:05:46,2018-01-08 13:06:26
390,449,M1515417166_2018-01-08-13-12-46_tids_[108].h5,2585.0,2615.0,30.0,[108],2018-01-08 13:55:51,2018-01-08 13:56:21
391,450,M1515420766_2018-01-08-14-12-46_tids_[108].h5,1535.0,1560.0,25.0,[108],2018-01-08 14:38:21,2018-01-08 14:38:46
392,451,M1515424366_2018-01-08-15-12-46_tids_[108].h5,635.0,665.0,30.0,[108],2018-01-08 15:23:21,2018-01-08 15:23:51
393,452,M1515424366_2018-01-08-15-12-46_tids_[108].h5,1780.0,1820.0,40.0,[108],2018-01-08 15:42:26,2018-01-08 15:43:06
394,453,M1515424366_2018-01-08-15-12-46_tids_[108].h5,2445.0,2495.0,50.0,[108],2018-01-08 15:53:31,2018-01-08 15:54:21
395,454,M1515427966_2018-01-08-16-12-46_tids_[108].h5,1345.0,1370.0,25.0,[108],2018-01-08 16:35:11,2018-01-08 16:35:36
396,455,M1515431566_2018-01-08-17-12-46_tids_[108].h5,835.0,865.0,30.0,[108],2018-01-08 17:26:41,2018-01-08 17:27:11
397,456,M1515431566_2018-01-08-17-12-46_tids_[108].h5,3290.0,3325.0,35.0,[108],2018-01-08 18:07:36,2018-01-08 18:08:11
398,457,M1515435166_2018-01-08-18-12-46_tids_[108].h5,1335.0,1360.0,25.0,[108],2018-01-08 18:35:01,2018-01-08 18:35:26
399,458,M1515438766_2018-01-08-19-12-46_tids_[108].h5,3030.0,3065.0,35.0,[108],2018-01-08 20:03:16,2018-01-08 20:03:51
400,459,M1515445966_2018-01-08-21-12-46_tids_[108].h5,1135.0,1170.0,35.0,[108],2018-01-08 21:31:41,2018-01-08 21:32:16
401,460,M1515449566_2018-01-08-22-12-46_tids_[108].h5,1025.0,1065.0,40.0,[108],2018-01-08 22:29:51,2018-01-08 22:30:31
402,461,M1515449566_2018-01-08-22-12-46_tids_[108].h5,3305.0,3340.0,35.0,[108],2018-01-08 23:07:51,2018-01-08 23:08:26
403,462,M1515453166_2018-01-08-23-12-46_tids_[108].h5,2585.0,2620.0,35.0,[108],2018-01-08 23:55:51,2018-01-08 23:56:26
404,463,M1515456766_2018-01-09-00-12-46_tids_[108].h5,1660.0,1700.0,40.0,[108],2018-01-09 00:40:26,2018-01-09 00:41:06
405,464,M1515460366_2018-01-09-01-12-46_tids_[108].h5,1270.0,1305.0,35.0,[108],2018-01-09 01:33:56,2018-01-09 01:34:31
406,465,M1515463966_2018-01-09-02-12-46_tids_[108].h5,630.0,660.0,30.0,[108],2018-01-09 02:23:16,2018-01-09 02:23:46
407,466,M1515463966_2018-01-09-02-12-46_tids_[108].h5,2875.0,2910.0,35.0,[108],2018-01-09 03:00:41,2018-01-09 03:01:16
408,467,M1515467566_2018-01-09-03-12-46_tids_[108].h5,1400.0,1435.0,35.0,[108],2018-01-09 03:36:06,2018-01-09 03:36:41
409,468,M1515467566_2018-01-09-03-12-46_tids_[108].h5,2650.0,2685.0,35.0,[108],2018-01-09 03:56:56,2018-01-09 03:57:31
410,469,M1515471166_2018-01-09-04-12-46_tids_[108].h5,540.0,575.0,35.0,[108],2018-01-09 04:21:46,2018-01-09 04:22:21
411,470,M1515471166_2018-01-09-04-12-46_tids_[108].h5,2120.0,2135.0,15.0,[108],2018-01-09 04:48:06,2018-01-09 04:48:21
412,471,M1515471166_2018-01-09-04-12-46_tids_[108].h5,2710.0,2740.0,30.0,[108],2018-01-09 04:57:56,2018-01-09 04:58:26
413,472,M1515471166_2018-01-09-04-12-46_tids_[108].h5,3320.0,3360.0,40.0,[108],2018-01-09 05:08:06,2018-01-09 05:08:46
414,473,M1515474766_2018-01-09-05-12-46_tids_[108].h5,1345.0,1375.0,30.0,[108],2018-01-09 05:35:11,2018-01-09 05:35:41
415,474,M1515474766_2018-01-09-05-12-46_tids_[108].h5,1825.0,1860.0,35.0,[108],2018-01-09 05:43:11,2018-01-09 05:43:46
416,475,M1515474766_2018-01-09-05-12-46_tids_[108].h5,3310.0,3340.0,30.0,[108],2018-01-09 06:07:56,2018-01-09 06:08:26
417,476,M1515478366_2018-01-09-06-12-46_tids_[108].h5,1540.0,1570.0,30.0,[108],2018-01-09 06:38:26,2018-01-09 06:38:56
418,477,M1515478366_2018-01-09-06-12-46_tids_[108].h5,3155.0,3185.0,30.0,[108],2018-01-09 07:05:21,2018-01-09 07:05:51
419,478,M1515481966_2018-01-09-07-12-46_tids_[108].h5,2560.0,2590.0,30.0,[108],2018-01-09 07:55:26,2018-01-09 07:55:56
420,479,M1515485566_2018-01-09-08-12-46_tids_[108].h5,1455.0,1495.0,40.0,[108],2018-01-09 08:37:01,2018-01-09 08:37:41
421,480,M1515489166_2018-01-09-09-12-46_tids_[108].h5,1035.0,1070.0,35.0,[108],2018-01-09 09:30:01,2018-01-09 09:30:36
422,481,M1515489166_2018-01-09-09-12-46_tids_[108].h5,2795.0,2820.0,25.0,[108],2018-01-09 09:59:21,2018-01-09 09:59:46
423,482,M1515492766_2018-01-09-10-12-46_tids_[108].h5,1700.0,1735.0,35.0,[108],2018-01-09 10:41:06,2018-01-09 10:41:41
424,483,M1515492766_2018-01-09-10-12-46_tids_[108].h5,1940.0,1980.0,40.0,[108],2018-01-09 10:45:06,2018-01-09 10:45:46
425,484,M1515514366_2018-01-09-16-12-46_tids_[108].h5,1255.0,1300.0,45.0,[108],2018-01-09 16:33:41,2018-01-09 16:34:26
426,485,M1515514366_2018-01-09-16-12-46_tids_[108].h5,1525.0,1565.0,40.0,[108],2018-01-09 16:38:11,2018-01-09 16:38:51
427,486,M1515517966_2018-01-09-17-12-46_tids_[108].h5,510.0,545.0,35.0,[108],2018-01-09 17:21:16,2018-01-09 17:21:51
428,487,M1515517966_2018-01-09-17-12-46_tids_[108].h5,3260.0,3295.0,35.0,[108],2018-01-09 18:07:06,2018-01-09 18:07:41
429,488,M1515517966_2018-01-09-17-12-46_tids_[108].h5,3535.0,3580.0,45.0,[108],2018-01-09 18:11:41,2018-01-09 18:12:26
430,489,M1515525166_2018-01-09-19-12-46_tids_[108].h5,2410.0,2445.0,35.0,[108],2018-01-09 19:52:56,2018-01-09 19:53:31
431,490,M1515543166_2018-01-10-00-12-46_tids_[108].h5,3470.0,3520.0,50.0,[108],2018-01-10 01:10:36,2018-01-10 01:11:26
432,491,M1515553966_2018-01-10-03-12-46_tids_[108].h5,2530.0,2570.0,40.0,[108],2018-01-10 03:54:56,2018-01-10 03:55:36
433,492,M1515561188_2018-01-10-05-13-08_tids_[108].h5,1230.0,1265.0,35.0,[108],2018-01-10 05:33:38,2018-01-10 05:34:13
434,493,M1515640802_2018-01-11-03-20-02_tids_[108].h5,150.0,170.0,20.0,[108],2018-01-11 03:22:32,2018-01-11 03:22:52
435,496,M1515839710_2018-01-13-10-35-10_tids_[108].h5,3225.0,3255.0,30.0,[108],2018-01-13 11:28:55,2018-01-13 11:29:25
436,498,M1515868577_2018-01-13-18-36-17_tids_[108].h5,1210.0,1240.0,30.0,[108],2018-01-13 18:56:27,2018-01-13 18:56:57
437,500,M1515911793_2018-01-14-06-36-33_tids_[108].h5,1975.0,1995.0,20.0,[108],2018-01-14 07:09:28,2018-01-14 07:09:48
438,501,M1516031262_2018-01-15-15-47-42_tids_[108].h5,2825.0,2855.0,30.0,[108],2018-01-15 16:34:47,2018-01-15 16:35:17
439,502,M1514059810_2017-12-23-20-10-10_tids_[107].h5,2875.0,2900.0,25.0,[107],2017-12-23 20:58:05,2017-12-23 20:58:30
440,503,M1514092210_2017-12-24-05-10-10_tids_[107].h5,405.0,425.0,20.0,[107],2017-12-24 05:16:55,2017-12-24 05:17:15
441,504,M1514103010_2017-12-24-08-10-10_tids_[107].h5,3175.0,3235.0,60.0,[107],2017-12-24 09:03:05,2017-12-24 09:04:05
442,505,M1514146210_2017-12-24-20-10-10_tids_[107].h5,1705.0,1735.0,30.0,[107],2017-12-24 20:38:35,2017-12-24 20:39:05
443,506,M1514193010_2017-12-25-09-10-10_tids_[107].h5,2460.0,2510.0,50.0,[107],2017-12-25 09:51:10,2017-12-25 09:52:00
444,507,M1514225410_2017-12-25-18-10-10_tids_[107].h5,5.0,45.0,40.0,[107],2017-12-25 18:10:15,2017-12-25 18:10:55
445,509,M1514344210_2017-12-27-03-10-10_tids_[107].h5,945.0,985.0,40.0,[107],2017-12-27 03:25:55,2017-12-27 03:26:35
446,510,M1514369410_2017-12-27-10-10-10_tids_[107].h5,1580.0,1620.0,40.0,[107],2017-12-27 10:36:30,2017-12-27 10:37:10
447,511,M1514380210_2017-12-27-13-10-10_tids_[107].h5,2420.0,2465.0,45.0,[107],2017-12-27 13:50:30,2017-12-27 13:51:15
448,512,M1514409010_2017-12-27-21-10-10_tids_[107].h5,1740.0,1780.0,40.0,[107],2017-12-27 21:39:10,2017-12-27 21:39:50
449,514,M1514416210_2017-12-27-23-10-10_tids_[107].h5,1755.0,1800.0,45.0,[107],2017-12-27 23:39:25,2017-12-27 23:40:10
450,515,M1514419810_2017-12-28-00-10-10_tids_[107].h5,2085.0,2120.0,35.0,[107],2017-12-28 00:44:55,2017-12-28 00:45:30
451,516,M1514427010_2017-12-28-02-10-10_tids_[107].h5,1455.0,1495.0,40.0,[107],2017-12-28 02:34:25,2017-12-28 02:35:05
452,517,M1514430610_2017-12-28-03-10-10_tids_[107].h5,900.0,930.0,30.0,[107],2017-12-28 03:25:10,2017-12-28 03:25:40
453,518,M1514441410_2017-12-28-06-10-10_tids_[107].h5,795.0,825.0,30.0,[107],2017-12-28 06:23:25,2017-12-28 06:23:55
454,519,M1514452210_2017-12-28-09-10-10_tids_[107].h5,1115.0,1145.0,30.0,[107],2017-12-28 09:28:45,2017-12-28 09:29:15
455,520,M1514455810_2017-12-28-10-10-10_tids_[107].h5,810.0,845.0,35.0,[107],2017-12-28 10:23:40,2017-12-28 10:24:15
456,521,M1514481008_2017-12-28-17-10-08_tids_[107].h5,1505.0,1535.0,30.0,[107],2017-12-28 17:35:13,2017-12-28 17:35:43
457,522,M1514488208_2017-12-28-19-10-08_tids_[107].h5,2330.0,2365.0,35.0,[107],2017-12-28 19:48:58,2017-12-28 19:49:33
458,523,M1514499008_2017-12-28-22-10-08_tids_[107].h5,970.0,1000.0,30.0,[107],2017-12-28 22:26:18,2017-12-28 22:26:48
459,524,M1514509808_2017-12-29-01-10-08_tids_[107].h5,2090.0,2130.0,40.0,[107],2017-12-29 01:44:58,2017-12-29 01:45:38
460,525,M1514520608_2017-12-29-04-10-08_tids_[107].h5,310.0,340.0,30.0,[107],2017-12-29 04:15:18,2017-12-29 04:15:48
461,526,M1514812209_2018-01-01-13-10-09_tids_[107].h5,1325.0,1375.0,50.0,[107],2018-01-01 13:32:14,2018-01-01 13:33:04
462,527,M1514826609_2018-01-01-17-10-09_tids_[107].h5,2095.0,2135.0,40.0,[107],2018-01-01 17:45:04,2018-01-01 17:45:44
463,528,M1514837409_2018-01-01-20-10-09_tids_[107].h5,260.0,300.0,40.0,[107],2018-01-01 20:14:29,2018-01-01 20:15:09
464,529,M1514855409_2018-01-02-01-10-09_tids_[107].h5,740.0,770.0,30.0,[107],2018-01-02 01:22:29,2018-01-02 01:22:59
465,530,M1514866209_2018-01-02-04-10-09_tids_[107].h5,740.0,780.0,40.0,[107],2018-01-02 04:22:29,2018-01-02 04:23:09
466,531,M1514887809_2018-01-02-10-10-09_tids_[107].h5,940.0,970.0,30.0,[107],2018-01-02 10:25:49,2018-01-02 10:26:19
467,532,M1514898609_2018-01-02-13-10-09_tids_[107].h5,3395.0,3440.0,45.0,[107],2018-01-02 14:06:44,2018-01-02 14:07:29
468,533,M1514920209_2018-01-02-19-10-09_tids_[107].h5,2325.0,2365.0,40.0,[107],2018-01-02 19:48:54,2018-01-02 19:49:34
469,534,M1514927409_2018-01-02-21-10-09_tids_[107].h5,2275.0,2310.0,35.0,[107],2018-01-02 21:48:04,2018-01-02 21:48:39
470,535,M1514949009_2018-01-03-03-10-09_tids_[107].h5,3035.0,3070.0,35.0,[107],2018-01-03 04:00:44,2018-01-03 04:01:19
471,536,M1515010209_2018-01-03-20-10-09_tids_[107].h5,1690.0,1725.0,35.0,[107],2018-01-03 20:38:19,2018-01-03 20:38:54
472,537,M1515035409_2018-01-04-03-10-09_tids_[107].h5,2930.0,2960.0,30.0,[107],2018-01-04 03:58:59,2018-01-04 03:59:29
473,538,M1515283966_2018-01-07-00-12-46_tids_[107].h5,1340.0,1385.0,45.0,[107],2018-01-07 00:35:06,2018-01-07 00:35:51
474,539,M1515283966_2018-01-07-00-12-46_tids_[107].h5,1890.0,1945.0,55.0,[107],2018-01-07 00:44:16,2018-01-07 00:45:11
475,540,M1515291166_2018-01-07-02-12-46_tids_[107].h5,920.0,950.0,30.0,[107],2018-01-07 02:28:06,2018-01-07 02:28:36
476,542,M1515312766_2018-01-07-08-12-46_tids_[107].h5,1770.0,1795.0,25.0,[107],2018-01-07 08:42:16,2018-01-07 08:42:41
477,544,M1515330766_2018-01-07-13-12-46_tids_[107].h5,625.0,665.0,40.0,[107],2018-01-07 13:23:11,2018-01-07 13:23:51
478,545,M1515604678_2018-01-10-17-17-58_tids_[107].h5,545.0,585.0,40.0,[107],2018-01-10 17:27:03,2018-01-10 17:27:43
479,546,M1515611904_2018-01-10-19-18-24_tids_[107].h5,3395.0,3440.0,45.0,[107],2018-01-10 20:14:59,2018-01-10 20:15:44
480,547,M1515629963_2018-01-11-00-19-23_tids_[107].h5,420.0,460.0,40.0,[107],2018-01-11 00:26:23,2018-01-11 00:27:03
481,548,M1515637184_2018-01-11-02-19-44_tids_[107].h5,2555.0,2595.0,40.0,[107],2018-01-11 03:02:19,2018-01-11 03:02:59
482,549,M1515695086_2018-01-11-18-24-46_tids_[107].h5,1485.0,1535.0,50.0,[107],2018-01-11 18:49:31,2018-01-11 18:50:21
483,550,M1515724211_2018-01-12-02-30-11_tids_[107].h5,2685.0,2725.0,40.0,[107],2018-01-12 03:14:56,2018-01-12 03:15:36
484,551,M1515774803_2018-01-12-16-33-23_tids_[107].h5,3445.0,3485.0,40.0,[107],2018-01-12 17:30:48,2018-01-12 17:31:28
485,553,M1515868577_2018-01-13-18-36-17_tids_[107].h5,3095.0,3130.0,35.0,[107],2018-01-13 19:27:52,2018-01-13 19:28:27
486,554,M1515893777_2018-01-14-01-36-17_tids_[107].h5,2585.0,2640.0,55.0,[107],2018-01-14 02:19:22,2018-01-14 02:20:17
487,555,M1516045806_2018-01-15-19-50-06_tids_[107].h5,190.0,235.0,45.0,[107],2018-01-15 19:53:16,2018-01-15 19:54:01
488,556,M1516045806_2018-01-15-19-50-06_tids_[107].h5,510.0,545.0,35.0,[107],2018-01-15 19:58:36,2018-01-15 19:59:11
489,557,M1516056819_2018-01-15-22-53-39_tids_[107].h5,1705.0,1740.0,35.0,[107],2018-01-15 23:22:04,2018-01-15 23:22:39
490,559,M1516067715_2018-01-16-01-55-15_tids_[107].h5,2570.0,2620.0,50.0,[107],2018-01-16 02:38:05,2018-01-16 02:38:55
491,560,M1516125343_2018-01-16-17-55-43_tids_[107].h5,3345.0,3380.0,35.0,[107],2018-01-16 18:51:28,2018-01-16 18:52:03
492,561,M1516481812_2018-01-20-20-56-52_tids_[107].h5,365.0,420.0,55.0,[107],2018-01-20 21:02:57,2018-01-20 21:03:52
493,562,M1516485412_2018-01-20-21-56-52_tids_[107].h5,3120.0,3155.0,35.0,[107],2018-01-20 22:48:52,2018-01-20 22:49:27
494,563,M1516528612_2018-01-21-09-56-52_tids_[107].h5,3335.0,3375.0,40.0,[107],2018-01-21 10:52:27,2018-01-21 10:53:07
495,565,M1516557412_2018-01-21-17-56-52_tids_[107].h5,2680.0,2720.0,40.0,[107],2018-01-21 18:41:32,2018-01-21 18:42:12
496,566,M1516568212_2018-01-21-20-56-52_tids_[107].h5,3145.0,3195.0,50.0,[107],2018-01-21 21:49:17,2018-01-21 21:50:07
497,567,M1514002209_2017-12-23-04-10-09_tids_[106].h5,615.0,635.0,20.0,[106],2017-12-23 04:20:24,2017-12-23 04:20:44
498,568,M1514409010_2017-12-27-21-10-10_tids_[106].h5,2500.0,2520.0,20.0,[106],2017-12-27 21:51:50,2017-12-27 21:52:10
499,569,M1514531408_2017-12-29-07-10-08_tids_[106].h5,1385.0,1405.0,20.0,[106],2017-12-29 07:33:13,2017-12-29 07:33:33
500,570,M1514621408_2017-12-30-08-10-08_tids_[106].h5,355.0,375.0,20.0,[106],2017-12-30 08:16:03,2017-12-30 08:16:23
501,572,M1515075009_2018-01-04-14-10-09_tids_[106].h5,95.0,120.0,25.0,[106],2018-01-04 14:11:44,2018-01-04 14:12:09
502,573,M1515075009_2018-01-04-14-10-09_tids_[106].h5,1785.0,1810.0,25.0,[106],2018-01-04 14:39:54,2018-01-04 14:40:19
503,574,M1515089424_2018-01-04-18-10-24_tids_[106].h5,1555.0,1575.0,20.0,[106],2018-01-04 18:36:19,2018-01-04 18:36:39
504,576,M1515363166_2018-01-07-22-12-46_tids_[106].h5,2455.0,2465.0,10.0,[106],2018-01-07 22:53:41,2018-01-07 22:53:51
505,577,M1515366766_2018-01-07-23-12-46_tids_[106].h5,30.0,65.0,35.0,[106],2018-01-07 23:13:16,2018-01-07 23:13:51
506,578,M1515550366_2018-01-10-02-12-46_tids_[106].h5,1620.0,1650.0,30.0,[106],2018-01-10 02:39:46,2018-01-10 02:40:16
507,579,M1515557566_2018-01-10-04-12-46_tids_[106].h5,3325.0,3360.0,35.0,[106],2018-01-10 05:08:11,2018-01-10 05:08:46
508,580,M1515832510_2018-01-13-08-35-10_tids_[106].h5,315.0,330.0,15.0,[106],2018-01-13 08:40:25,2018-01-13 08:40:40
509,581,M1516114543_2018-01-16-14-55-43_tids_[106].h5,3520.0,3535.0,15.0,[106],2018-01-16 15:54:23,2018-01-16 15:54:38
510,582,M1516121743_2018-01-16-16-55-43_tids_[106].h5,1510.0,1535.0,25.0,[106],2018-01-16 17:20:53,2018-01-16 17:21:18
511,583,M1516381012_2018-01-19-16-56-52_tids_[106].h5,3545.0,3565.0,20.0,[106],2018-01-19 17:55:57,2018-01-19 17:56:17
512,584,M1516384612_2018-01-19-17-56-52_tids_[106].h5,400.0,430.0,30.0,[106],2018-01-19 18:03:32,2018-01-19 18:04:02
513,585,M1514045409_2017-12-23-16-10-09_tids_[105].h5,275.0,300.0,25.0,[105],2017-12-23 16:14:44,2017-12-23 16:15:09
514,586,M1514095810_2017-12-24-06-10-10_tids_[105].h5,3480.0,3530.0,50.0,[105],2017-12-24 07:08:10,2017-12-24 07:09:00
515,587,M1514110210_2017-12-24-10-10-10_tids_[105].h5,240.0,285.0,45.0,[105],2017-12-24 10:14:10,2017-12-24 10:14:55
516,588,M1514117410_2017-12-24-12-10-10_tids_[105].h5,1370.0,1415.0,45.0,[105],2017-12-24 12:33:00,2017-12-24 12:33:45
517,589,M1514131810_2017-12-24-16-10-10_tids_[105].h5,125.0,150.0,25.0,[105],2017-12-24 16:12:15,2017-12-24 16:12:40
518,590,M1514290210_2017-12-26-12-10-10_tids_[105].h5,440.0,465.0,25.0,[105],2017-12-26 12:17:30,2017-12-26 12:17:55
519,591,M1514297410_2017-12-26-14-10-10_tids_[105].h5,500.0,545.0,45.0,[105],2017-12-26 14:18:30,2017-12-26 14:19:15
520,592,M1514344210_2017-12-27-03-10-10_tids_[105].h5,2840.0,2890.0,50.0,[105],2017-12-27 03:57:30,2017-12-27 03:58:20
521,593,M1514351410_2017-12-27-05-10-10_tids_[105].h5,2105.0,2150.0,45.0,[105],2017-12-27 05:45:15,2017-12-27 05:46:00
522,594,M1514549408_2017-12-29-12-10-08_tids_[105].h5,2305.0,2355.0,50.0,[105],2017-12-29 12:48:33,2017-12-29 12:49:23
523,595,M1514617808_2017-12-30-07-10-08_tids_[105].h5,2595.0,2635.0,40.0,[105],2017-12-30 07:53:23,2017-12-30 07:54:03
524,596,M1514628608_2017-12-30-10-10-08_tids_[105].h5,1015.0,1055.0,40.0,[105],2017-12-30 10:27:03,2017-12-30 10:27:43
525,597,M1514639408_2017-12-30-13-10-08_tids_[105].h5,3350.0,3395.0,45.0,[105],2017-12-30 14:05:58,2017-12-30 14:06:43
526,598,M1514769009_2018-01-01-01-10-09_tids_[105].h5,1605.0,1645.0,40.0,[105],2018-01-01 01:36:54,2018-01-01 01:37:34
527,599,M1514790609_2018-01-01-07-10-09_tids_[105].h5,355.0,410.0,55.0,[105],2018-01-01 07:16:04,2018-01-01 07:16:59
528,600,M1514812209_2018-01-01-13-10-09_tids_[105].h5,1595.0,1640.0,45.0,[105],2018-01-01 13:36:44,2018-01-01 13:37:29
529,601,M1514823009_2018-01-01-16-10-09_tids_[105].h5,865.0,905.0,40.0,[105],2018-01-01 16:24:34,2018-01-01 16:25:14
530,602,M1514844609_2018-01-01-22-10-09_tids_[105].h5,1255.0,1290.0,35.0,[105],2018-01-01 22:31:04,2018-01-01 22:31:39
531,603,M1514959809_2018-01-03-06-10-09_tids_[105].h5,1835.0,1870.0,35.0,[105],2018-01-03 06:40:44,2018-01-03 06:41:19
532,604,M1514974209_2018-01-03-10-10-09_tids_[105].h5,1570.0,1610.0,40.0,[105],2018-01-03 10:36:19,2018-01-03 10:36:59
533,605,M1515046209_2018-01-04-06-10-09_tids_[105].h5,1995.0,2030.0,35.0,[105],2018-01-04 06:43:24,2018-01-04 06:43:59
534,606,M1515067809_2018-01-04-12-10-09_tids_[105].h5,2525.0,2565.0,40.0,[105],2018-01-04 12:52:14,2018-01-04 12:52:54
535,607,M1515215545_2018-01-06-05-12-25_tids_[105].h5,2840.0,2875.0,35.0,[105],2018-01-06 05:59:45,2018-01-06 06:00:20
536,608,M1515262345_2018-01-06-18-12-25_tids_[105].h5,2440.0,2480.0,40.0,[105],2018-01-06 18:53:05,2018-01-06 18:53:45
537,609,M1515291166_2018-01-07-02-12-46_tids_[105].h5,3215.0,3250.0,35.0,[105],2018-01-07 03:06:21,2018-01-07 03:06:56
538,610,M1515309166_2018-01-07-07-12-46_tids_[105].h5,2020.0,2050.0,30.0,[105],2018-01-07 07:46:26,2018-01-07 07:46:56
539,611,M1515323566_2018-01-07-11-12-46_tids_[105].h5,1670.0,1710.0,40.0,[105],2018-01-07 11:40:36,2018-01-07 11:41:16
540,612,M1515370366_2018-01-08-00-12-46_tids_[105].h5,1660.0,1695.0,35.0,[105],2018-01-08 00:40:26,2018-01-08 00:41:01
541,613,M1515409966_2018-01-08-11-12-46_tids_[105].h5,1605.0,1640.0,35.0,[105],2018-01-08 11:39:31,2018-01-08 11:40:06
542,614,M1515424366_2018-01-08-15-12-46_tids_[105].h5,3190.0,3225.0,35.0,[105],2018-01-08 16:05:56,2018-01-08 16:06:31
543,615,M1515431566_2018-01-08-17-12-46_tids_[105].h5,2625.0,2660.0,35.0,[105],2018-01-08 17:56:31,2018-01-08 17:57:06
544,616,M1515435166_2018-01-08-18-12-46_tids_[105].h5,1210.0,1250.0,40.0,[105],2018-01-08 18:32:56,2018-01-08 18:33:36
545,617,M1515503566_2018-01-09-13-12-46_tids_[105].h5,2235.0,2265.0,30.0,[105],2018-01-09 13:50:01,2018-01-09 13:50:31
546,618,M1515525166_2018-01-09-19-12-46_tids_[105].h5,3410.0,3445.0,35.0,[105],2018-01-09 20:09:36,2018-01-09 20:10:11
547,619,M1515532366_2018-01-09-21-12-46_tids_[105].h5,3535.0,3570.0,35.0,[105],2018-01-09 22:11:41,2018-01-09 22:12:16
548,620,M1515622748_2018-01-10-22-19-08_tids_[105].h5,2035.0,2060.0,25.0,[105],2018-01-10 22:53:03,2018-01-10 22:53:28
549,621,M1515655323_2018-01-11-07-22-03_tids_[105].h5,3060.0,3105.0,45.0,[105],2018-01-11 08:13:03,2018-01-11 08:13:48
550,622,M1515673369_2018-01-11-12-22-49_tids_[105].h5,665.0,700.0,35.0,[105],2018-01-11 12:33:54,2018-01-11 12:34:29
551,623,M1515680569_2018-01-11-14-22-49_tids_[105].h5,1905.0,1935.0,30.0,[105],2018-01-11 14:54:34,2018-01-11 14:55:04
552,624,M1515684193_2018-01-11-15-23-13_tids_[105].h5,2255.0,2280.0,25.0,[105],2018-01-11 16:00:48,2018-01-11 16:01:13
553,625,M1515687793_2018-01-11-16-23-13_tids_[105].h5,2230.0,2260.0,30.0,[105],2018-01-11 17:00:23,2018-01-11 17:00:53
554,626,M1515706004_2018-01-11-21-26-44_tids_[105].h5,2950.0,2975.0,25.0,[105],2018-01-11 22:15:54,2018-01-11 22:16:19
555,627,M1515720611_2018-01-12-01-30-11_tids_[105].h5,1080.0,1105.0,25.0,[105],2018-01-12 01:48:11,2018-01-12 01:48:36
556,628,M1515742285_2018-01-12-07-31-25_tids_[105].h5,1520.0,1545.0,25.0,[105],2018-01-12 07:56:45,2018-01-12 07:57:10
557,629,M1515745885_2018-01-12-08-31-25_tids_[105].h5,1990.0,2005.0,15.0,[105],2018-01-12 09:04:35,2018-01-12 09:04:50
558,630,M1515749512_2018-01-12-09-31-52_tids_[105].h5,3500.0,3530.0,30.0,[105],2018-01-12 10:30:12,2018-01-12 10:30:42
559,631,M1515753112_2018-01-12-10-31-52_tids_[105].h5,3450.0,3480.0,30.0,[105],2018-01-12 11:29:22,2018-01-12 11:29:52
560,632,M1515756712_2018-01-12-11-31-52_tids_[105].h5,1645.0,1670.0,25.0,[105],2018-01-12 11:59:17,2018-01-12 11:59:42
561,633,M1515756712_2018-01-12-11-31-52_tids_[105].h5,2000.0,2025.0,25.0,[105],2018-01-12 12:05:12,2018-01-12 12:05:37
562,634,M1515760323_2018-01-12-12-32-03_tids_[105].h5,775.0,800.0,25.0,[105],2018-01-12 12:44:58,2018-01-12 12:45:23
563,635,M1515778403_2018-01-12-17-33-23_tids_[105].h5,400.0,420.0,20.0,[105],2018-01-12 17:40:03,2018-01-12 17:40:23
564,636,M1515778403_2018-01-12-17-33-23_tids_[105].h5,1475.0,1505.0,30.0,[105],2018-01-12 17:57:58,2018-01-12 17:58:28
565,637,M1515778403_2018-01-12-17-33-23_tids_[105].h5,3085.0,3115.0,30.0,[105],2018-01-12 18:24:48,2018-01-12 18:25:18
566,638,M1515782003_2018-01-12-18-33-23_tids_[105].h5,2940.0,2955.0,15.0,[105],2018-01-12 19:22:23,2018-01-12 19:22:38
567,639,M1515785614_2018-01-12-19-33-34_tids_[105].h5,365.0,385.0,20.0,[105],2018-01-12 19:39:39,2018-01-12 19:39:59
568,640,M1515785614_2018-01-12-19-33-34_tids_[105].h5,665.0,695.0,30.0,[105],2018-01-12 19:44:39,2018-01-12 19:45:09
569,641,M1515789228_2018-01-12-20-33-48_tids_[105].h5,1850.0,1870.0,20.0,[105],2018-01-12 21:04:38,2018-01-12 21:04:58
570,642,M1515792828_2018-01-12-21-33-48_tids_[105].h5,190.0,220.0,30.0,[105],2018-01-12 21:36:58,2018-01-12 21:37:28
571,643,M1515792828_2018-01-12-21-33-48_tids_[105].h5,1915.0,1940.0,25.0,[105],2018-01-12 22:05:43,2018-01-12 22:06:08
572,644,M1515792828_2018-01-12-21-33-48_tids_[105].h5,3295.0,3330.0,35.0,[105],2018-01-12 22:28:43,2018-01-12 22:29:18
573,645,M1515796428_2018-01-12-22-33-48_tids_[105].h5,615.0,650.0,35.0,[105],2018-01-12 22:44:03,2018-01-12 22:44:38
574,646,M1515796428_2018-01-12-22-33-48_tids_[105].h5,1125.0,1160.0,35.0,[105],2018-01-12 22:52:33,2018-01-12 22:53:08
575,647,M1515803641_2018-01-13-00-34-01_tids_[105].h5,2290.0,2315.0,25.0,[105],2018-01-13 01:12:11,2018-01-13 01:12:36
576,648,M1515807258_2018-01-13-01-34-18_tids_[105].h5,760.0,785.0,25.0,[105],2018-01-13 01:46:58,2018-01-13 01:47:23
577,649,M1515807258_2018-01-13-01-34-18_tids_[105].h5,2820.0,2840.0,20.0,[105],2018-01-13 02:21:18,2018-01-13 02:21:38
578,650,M1515821692_2018-01-13-05-34-52_tids_[105].h5,1220.0,1235.0,15.0,[105],2018-01-13 05:55:12,2018-01-13 05:55:27
579,651,M1515825310_2018-01-13-06-35-10_tids_[105].h5,2815.0,2835.0,20.0,[105],2018-01-13 07:22:05,2018-01-13 07:22:25
580,652,M1515832510_2018-01-13-08-35-10_tids_[105].h5,350.0,370.0,20.0,[105],2018-01-13 08:41:00,2018-01-13 08:41:20
581,653,M1515832510_2018-01-13-08-35-10_tids_[105].h5,2915.0,2955.0,40.0,[105],2018-01-13 09:23:45,2018-01-13 09:24:25
582,654,M1515839710_2018-01-13-10-35-10_tids_[105].h5,2220.0,2245.0,25.0,[105],2018-01-13 11:12:10,2018-01-13 11:12:35
583,655,M1515843310_2018-01-13-11-35-10_tids_[105].h5,1605.0,1645.0,40.0,[105],2018-01-13 12:01:55,2018-01-13 12:02:35
584,656,M1515843310_2018-01-13-11-35-10_tids_[105].h5,2320.0,2355.0,35.0,[105],2018-01-13 12:13:50,2018-01-13 12:14:25
585,657,M1515857777_2018-01-13-15-36-17_tids_[105].h5,1690.0,1705.0,15.0,[105],2018-01-13 16:04:27,2018-01-13 16:04:42
586,658,M1515868577_2018-01-13-18-36-17_tids_[105].h5,2420.0,2440.0,20.0,[105],2018-01-13 19:16:37,2018-01-13 19:16:57
587,659,M1515875777_2018-01-13-20-36-17_tids_[105].h5,110.0,130.0,20.0,[105],2018-01-13 20:38:07,2018-01-13 20:38:27
588,660,M1515875777_2018-01-13-20-36-17_tids_[105].h5,1825.0,1855.0,30.0,[105],2018-01-13 21:06:42,2018-01-13 21:07:12
589,661,M1516161343_2018-01-17-03-55-43_tids_[105].h5,2125.0,2150.0,25.0,[105],2018-01-17 04:31:08,2018-01-17 04:31:33
590,662,M1516182943_2018-01-17-09-55-43_tids_[105].h5,3105.0,3125.0,20.0,[105],2018-01-17 10:47:28,2018-01-17 10:47:48
591,663,M1516193743_2018-01-17-12-55-43_tids_[105].h5,2900.0,2940.0,40.0,[105],2018-01-17 13:44:03,2018-01-17 13:44:43
592,664,M1516200943_2018-01-17-14-55-43_tids_[105].h5,2345.0,2375.0,30.0,[105],2018-01-17 15:34:48,2018-01-17 15:35:18
593,665,M1516229743_2018-01-17-22-55-43_tids_[105].h5,1455.0,1480.0,25.0,[105],2018-01-17 23:19:58,2018-01-17 23:20:23
594,666,M1516236943_2018-01-18-00-55-43_tids_[105].h5,515.0,545.0,30.0,[105],2018-01-18 01:04:18,2018-01-18 01:04:48
595,667,M1516244159_2018-01-18-02-55-59_tids_[105].h5,2590.0,2625.0,35.0,[105],2018-01-18 03:39:09,2018-01-18 03:39:44
596,669,M1516251412_2018-01-18-04-56-52_tids_[105].h5,3475.0,3510.0,35.0,[105],2018-01-18 05:54:47,2018-01-18 05:55:22
597,670,M1516262212_2018-01-18-07-56-52_tids_[105].h5,850.0,865.0,15.0,[105],2018-01-18 08:11:02,2018-01-18 08:11:17
598,671,M1516265812_2018-01-18-08-56-52_tids_[105].h5,1240.0,1275.0,35.0,[105],2018-01-18 09:17:32,2018-01-18 09:18:07
599,672,M1516269412_2018-01-18-09-56-52_tids_[105].h5,2285.0,2315.0,30.0,[105],2018-01-18 10:34:57,2018-01-18 10:35:27
600,673,M1516276612_2018-01-18-11-56-52_tids_[105].h5,720.0,755.0,35.0,[105],2018-01-18 12:08:52,2018-01-18 12:09:27
601,674,M1516280212_2018-01-18-12-56-52_tids_[105].h5,1250.0,1275.0,25.0,[105],2018-01-18 13:17:42,2018-01-18 13:18:07
602,675,M1516283812_2018-01-18-13-56-52_tids_[105].h5,140.0,170.0,30.0,[105],2018-01-18 13:59:12,2018-01-18 13:59:42
603,676,M1516287412_2018-01-18-14-56-52_tids_[105].h5,1165.0,1190.0,25.0,[105],2018-01-18 15:16:17,2018-01-18 15:16:42
604,677,M1516291012_2018-01-18-15-56-52_tids_[105].h5,2090.0,2115.0,25.0,[105],2018-01-18 16:31:42,2018-01-18 16:32:07
605,678,M1516294612_2018-01-18-16-56-52_tids_[105].h5,1950.0,1980.0,30.0,[105],2018-01-18 17:29:22,2018-01-18 17:29:52
606,679,M1516294612_2018-01-18-16-56-52_tids_[105].h5,2280.0,2310.0,30.0,[105],2018-01-18 17:34:52,2018-01-18 17:35:22
607,680,M1516298212_2018-01-18-17-56-52_tids_[105].h5,1240.0,1275.0,35.0,[105],2018-01-18 18:17:32,2018-01-18 18:18:07
608,681,M1516298212_2018-01-18-17-56-52_tids_[105].h5,2820.0,2845.0,25.0,[105],2018-01-18 18:43:52,2018-01-18 18:44:17
609,682,M1516298212_2018-01-18-17-56-52_tids_[105].h5,3365.0,3400.0,35.0,[105],2018-01-18 18:52:57,2018-01-18 18:53:32
610,683,M1516305412_2018-01-18-19-56-52_tids_[105].h5,820.0,845.0,25.0,[105],2018-01-18 20:10:32,2018-01-18 20:10:57
611,684,M1516309012_2018-01-18-20-56-52_tids_[105].h5,960.0,995.0,35.0,[105],2018-01-18 21:12:52,2018-01-18 21:13:27
612,685,M1516309012_2018-01-18-20-56-52_tids_[105].h5,3285.0,3315.0,30.0,[105],2018-01-18 21:51:37,2018-01-18 21:52:07
613,686,M1516312612_2018-01-18-21-56-52_tids_[105].h5,3310.0,3330.0,20.0,[105],2018-01-18 22:52:02,2018-01-18 22:52:22
614,687,M1516316212_2018-01-18-22-56-52_tids_[105].h5,210.0,240.0,30.0,[105],2018-01-18 23:00:22,2018-01-18 23:00:52
615,688,M1516319812_2018-01-18-23-56-52_tids_[105].h5,200.0,220.0,20.0,[105],2018-01-19 00:00:12,2018-01-19 00:00:32
616,689,M1516323412_2018-01-19-00-56-52_tids_[105].h5,685.0,710.0,25.0,[105],2018-01-19 01:08:17,2018-01-19 01:08:42
617,690,M1516327012_2018-01-19-01-56-52_tids_[105].h5,285.0,305.0,20.0,[105],2018-01-19 02:01:37,2018-01-19 02:01:57
618,691,M1516327012_2018-01-19-01-56-52_tids_[105].h5,1755.0,1780.0,25.0,[105],2018-01-19 02:26:07,2018-01-19 02:26:32
619,692,M1516327012_2018-01-19-01-56-52_tids_[105].h5,2545.0,2570.0,25.0,[105],2018-01-19 02:39:17,2018-01-19 02:39:42
620,693,M1516330612_2018-01-19-02-56-52_tids_[105].h5,1325.0,1350.0,25.0,[105],2018-01-19 03:18:57,2018-01-19 03:19:22
621,694,M1516330612_2018-01-19-02-56-52_tids_[105].h5,2250.0,2280.0,30.0,[105],2018-01-19 03:34:22,2018-01-19 03:34:52
622,695,M1516348612_2018-01-19-07-56-52_tids_[105].h5,2750.0,2775.0,25.0,[105],2018-01-19 08:42:42,2018-01-19 08:43:07
623,696,M1516355812_2018-01-19-09-56-52_tids_[105].h5,3535.0,3580.0,45.0,[105],2018-01-19 10:55:47,2018-01-19 10:56:32
624,697,M1516359412_2018-01-19-10-56-52_tids_[105].h5,2570.0,2605.0,35.0,[105],2018-01-19 11:39:42,2018-01-19 11:40:17
625,698,M1516363012_2018-01-19-11-56-52_tids_[105].h5,990.0,1030.0,40.0,[105],2018-01-19 12:13:22,2018-01-19 12:14:02
626,699,M1516370212_2018-01-19-13-56-52_tids_[105].h5,165.0,195.0,30.0,[105],2018-01-19 13:59:37,2018-01-19 14:00:07
627,700,M1516377412_2018-01-19-15-56-52_tids_[105].h5,1840.0,1875.0,35.0,[105],2018-01-19 16:27:32,2018-01-19 16:28:07
628,701,M1516381012_2018-01-19-16-56-52_tids_[105].h5,740.0,775.0,35.0,[105],2018-01-19 17:09:12,2018-01-19 17:09:47
629,702,M1516381012_2018-01-19-16-56-52_tids_[105].h5,2595.0,2625.0,30.0,[105],2018-01-19 17:40:07,2018-01-19 17:40:37
630,703,M1516395412_2018-01-19-20-56-52_tids_[105].h5,60.0,75.0,15.0,[105],2018-01-19 20:57:52,2018-01-19 20:58:07
631,704,M1516395412_2018-01-19-20-56-52_tids_[105].h5,1150.0,1175.0,25.0,[105],2018-01-19 21:16:02,2018-01-19 21:16:27
632,705,M1516395412_2018-01-19-20-56-52_tids_[105].h5,2155.0,2180.0,25.0,[105],2018-01-19 21:32:47,2018-01-19 21:33:12
633,706,M1516399012_2018-01-19-21-56-52_tids_[105].h5,1135.0,1160.0,25.0,[105],2018-01-19 22:15:47,2018-01-19 22:16:12
634,707,M1516399012_2018-01-19-21-56-52_tids_[105].h5,2855.0,2880.0,25.0,[105],2018-01-19 22:44:27,2018-01-19 22:44:52
635,708,M1516402612_2018-01-19-22-56-52_tids_[105].h5,2170.0,2190.0,20.0,[105],2018-01-19 23:33:02,2018-01-19 23:33:22
636,709,M1516445812_2018-01-20-10-56-52_tids_[105].h5,775.0,800.0,25.0,[105],2018-01-20 11:09:47,2018-01-20 11:10:12
637,710,M1516742133_2018-01-23-21-15-33_tids_[105].h5,3520.0,3565.0,45.0,[105],2018-01-23 22:14:13,2018-01-23 22:14:58
638,711,M1516760136_2018-01-24-02-15-36_tids_[105].h5,2675.0,2710.0,35.0,[105],2018-01-24 03:00:11,2018-01-24 03:00:46
639,712,M1513948209_2017-12-22-13-10-09_tids_[104].h5,1475.0,1505.0,30.0,[104],2017-12-22 13:34:44,2017-12-22 13:35:14
640,713,M1514038209_2017-12-23-14-10-09_tids_[104].h5,3535.0,3565.0,30.0,[104],2017-12-23 15:09:04,2017-12-23 15:09:34
641,714,M1514117410_2017-12-24-12-10-10_tids_[104].h5,595.0,625.0,30.0,[104],2017-12-24 12:20:05,2017-12-24 12:20:35
642,715,M1514218210_2017-12-25-16-10-10_tids_[104].h5,2885.0,2915.0,30.0,[104],2017-12-25 16:58:15,2017-12-25 16:58:45
643,716,M1514272210_2017-12-26-07-10-10_tids_[104].h5,3560.0,3590.0,30.0,[104],2017-12-26 08:09:30,2017-12-26 08:10:00
644,717,M1514538608_2017-12-29-09-10-08_tids_[104].h5,1080.0,1120.0,40.0,[104],2017-12-29 09:28:08,2017-12-29 09:28:48
645,718,M1514556608_2017-12-29-14-10-08_tids_[104].h5,1480.0,1495.0,15.0,[104],2017-12-29 14:34:48,2017-12-29 14:35:03
646,719,M1514697008_2017-12-31-05-10-08_tids_[104].h5,465.0,505.0,40.0,[104],2017-12-31 05:17:53,2017-12-31 05:18:33
647,720,M1514725808_2017-12-31-13-10-08_tids_[104].h5,1520.0,1560.0,40.0,[104],2017-12-31 13:35:28,2017-12-31 13:36:08
648,721,M1514783409_2018-01-01-05-10-09_tids_[104].h5,1640.0,1670.0,30.0,[104],2018-01-01 05:37:29,2018-01-01 05:37:59
649,722,M1514815809_2018-01-01-14-10-09_tids_[104].h5,2395.0,2440.0,45.0,[104],2018-01-01 14:50:04,2018-01-01 14:50:49
650,723,M1514873409_2018-01-02-06-10-09_tids_[104].h5,2670.0,2710.0,40.0,[104],2018-01-02 06:54:39,2018-01-02 06:55:19
651,724,M1514898609_2018-01-02-13-10-09_tids_[104].h5,2430.0,2460.0,30.0,[104],2018-01-02 13:50:39,2018-01-02 13:51:09
652,725,M1514963409_2018-01-03-07-10-09_tids_[104].h5,450.0,480.0,30.0,[104],2018-01-03 07:17:39,2018-01-03 07:18:09
653,726,M1514977809_2018-01-03-11-10-09_tids_[104].h5,120.0,150.0,30.0,[104],2018-01-03 11:12:09,2018-01-03 11:12:39
654,727,M1515013809_2018-01-03-21-10-09_tids_[104].h5,585.0,625.0,40.0,[104],2018-01-03 21:19:54,2018-01-03 21:20:34
655,728,M1515049809_2018-01-04-07-10-09_tids_[104].h5,1430.0,1460.0,30.0,[104],2018-01-04 07:33:59,2018-01-04 07:34:29
656,729,M1515211945_2018-01-06-04-12-25_tids_[104].h5,960.0,1000.0,40.0,[104],2018-01-06 04:28:25,2018-01-06 04:29:05
657,730,M1515240745_2018-01-06-12-12-25_tids_[104].h5,1830.0,1860.0,30.0,[104],2018-01-06 12:42:55,2018-01-06 12:43:25
658,731,M1515251545_2018-01-06-15-12-25_tids_[104].h5,1300.0,1335.0,35.0,[104],2018-01-06 15:34:05,2018-01-06 15:34:40
659,732,M1515255145_2018-01-06-16-12-25_tids_[104].h5,3490.0,3540.0,50.0,[104],2018-01-06 17:10:35,2018-01-06 17:11:25
660,733,M1515294766_2018-01-07-03-12-46_tids_[104].h5,2920.0,2955.0,35.0,[104],2018-01-07 04:01:26,2018-01-07 04:02:01
661,734,M1515305566_2018-01-07-06-12-46_tids_[104].h5,3405.0,3430.0,25.0,[104],2018-01-07 07:09:31,2018-01-07 07:09:56
662,735,M1515312766_2018-01-07-08-12-46_tids_[104].h5,2200.0,2235.0,35.0,[104],2018-01-07 08:49:26,2018-01-07 08:50:01
663,736,M1515323566_2018-01-07-11-12-46_tids_[104].h5,435.0,460.0,25.0,[104],2018-01-07 11:20:01,2018-01-07 11:20:26
664,737,M1515323566_2018-01-07-11-12-46_tids_[104].h5,1625.0,1645.0,20.0,[104],2018-01-07 11:39:51,2018-01-07 11:40:11
665,738,M1515327166_2018-01-07-12-12-46_tids_[104].h5,275.0,300.0,25.0,[104],2018-01-07 12:17:21,2018-01-07 12:17:46
666,739,M1515341566_2018-01-07-16-12-46_tids_[104].h5,1185.0,1205.0,20.0,[104],2018-01-07 16:32:31,2018-01-07 16:32:51
667,740,M1515345166_2018-01-07-17-12-46_tids_[104].h5,1320.0,1350.0,30.0,[104],2018-01-07 17:34:46,2018-01-07 17:35:16
668,741,M1515348766_2018-01-07-18-12-46_tids_[104].h5,1725.0,1745.0,20.0,[104],2018-01-07 18:41:31,2018-01-07 18:41:51
669,742,M1515355966_2018-01-07-20-12-46_tids_[104].h5,3090.0,3130.0,40.0,[104],2018-01-07 21:04:16,2018-01-07 21:04:56
670,743,M1515359566_2018-01-07-21-12-46_tids_[104].h5,935.0,955.0,20.0,[104],2018-01-07 21:28:21,2018-01-07 21:28:41
671,744,M1515359566_2018-01-07-21-12-46_tids_[104].h5,3170.0,3185.0,15.0,[104],2018-01-07 22:05:36,2018-01-07 22:05:51
672,745,M1515363166_2018-01-07-22-12-46_tids_[104].h5,735.0,760.0,25.0,[104],2018-01-07 22:25:01,2018-01-07 22:25:26
673,746,M1515413566_2018-01-08-12-12-46_tids_[104].h5,2095.0,2130.0,35.0,[104],2018-01-08 12:47:41,2018-01-08 12:48:16
674,747,M1515424366_2018-01-08-15-12-46_tids_[104].h5,2210.0,2245.0,35.0,[104],2018-01-08 15:49:36,2018-01-08 15:50:11
675,748,M1515427966_2018-01-08-16-12-46_tids_[104].h5,3385.0,3415.0,30.0,[104],2018-01-08 17:09:11,2018-01-08 17:09:41
676,749,M1515431566_2018-01-08-17-12-46_tids_[104].h5,2690.0,2710.0,20.0,[104],2018-01-08 17:57:36,2018-01-08 17:57:56
677,750,M1515435166_2018-01-08-18-12-46_tids_[104].h5,335.0,355.0,20.0,[104],2018-01-08 18:18:21,2018-01-08 18:18:41
678,751,M1515435166_2018-01-08-18-12-46_tids_[104].h5,1220.0,1235.0,15.0,[104],2018-01-08 18:33:06,2018-01-08 18:33:21
679,752,M1515438766_2018-01-08-19-12-46_tids_[104].h5,3305.0,3330.0,25.0,[104],2018-01-08 20:07:51,2018-01-08 20:08:16
680,753,M1515442366_2018-01-08-20-12-46_tids_[104].h5,1705.0,1720.0,15.0,[104],2018-01-08 20:41:11,2018-01-08 20:41:26
681,754,M1515445966_2018-01-08-21-12-46_tids_[104].h5,445.0,465.0,20.0,[104],2018-01-08 21:20:11,2018-01-08 21:20:31
682,755,M1515449566_2018-01-08-22-12-46_tids_[104].h5,545.0,560.0,15.0,[104],2018-01-08 22:21:51,2018-01-08 22:22:06
683,756,M1515478366_2018-01-09-06-12-46_tids_[104].h5,3465.0,3480.0,15.0,[104],2018-01-09 07:10:31,2018-01-09 07:10:46
684,757,M1515481966_2018-01-09-07-12-46_tids_[104].h5,1815.0,1830.0,15.0,[104],2018-01-09 07:43:01,2018-01-09 07:43:16
685,758,M1515481966_2018-01-09-07-12-46_tids_[104].h5,3160.0,3175.0,15.0,[104],2018-01-09 08:05:26,2018-01-09 08:05:41
686,759,M1515485566_2018-01-09-08-12-46_tids_[104].h5,1290.0,1300.0,10.0,[104],2018-01-09 08:34:16,2018-01-09 08:34:26
687,760,M1515485566_2018-01-09-08-12-46_tids_[104].h5,3400.0,3425.0,25.0,[104],2018-01-09 09:09:26,2018-01-09 09:09:51
688,761,M1515489166_2018-01-09-09-12-46_tids_[104].h5,3235.0,3265.0,30.0,[104],2018-01-09 10:06:41,2018-01-09 10:07:11
689,762,M1515492766_2018-01-09-10-12-46_tids_[104].h5,1135.0,1160.0,25.0,[104],2018-01-09 10:31:41,2018-01-09 10:32:06
690,763,M1515492766_2018-01-09-10-12-46_tids_[104].h5,1895.0,1920.0,25.0,[104],2018-01-09 10:44:21,2018-01-09 10:44:46
691,764,M1515492766_2018-01-09-10-12-46_tids_[104].h5,2660.0,2685.0,25.0,[104],2018-01-09 10:57:06,2018-01-09 10:57:31
692,765,M1515499966_2018-01-09-12-12-46_tids_[104].h5,1525.0,1555.0,30.0,[104],2018-01-09 12:38:11,2018-01-09 12:38:41
693,766,M1515503566_2018-01-09-13-12-46_tids_[104].h5,815.0,840.0,25.0,[104],2018-01-09 13:26:21,2018-01-09 13:26:46
694,767,M1515503566_2018-01-09-13-12-46_tids_[104].h5,2220.0,2240.0,20.0,[104],2018-01-09 13:49:46,2018-01-09 13:50:06
695,768,M1515507166_2018-01-09-14-12-46_tids_[104].h5,1120.0,1150.0,30.0,[104],2018-01-09 14:31:26,2018-01-09 14:31:56
696,769,M1515510766_2018-01-09-15-12-46_tids_[104].h5,2270.0,2300.0,30.0,[104],2018-01-09 15:50:36,2018-01-09 15:51:06
697,770,M1515514366_2018-01-09-16-12-46_tids_[104].h5,775.0,800.0,25.0,[104],2018-01-09 16:25:41,2018-01-09 16:26:06
698,771,M1515514366_2018-01-09-16-12-46_tids_[104].h5,2540.0,2560.0,20.0,[104],2018-01-09 16:55:06,2018-01-09 16:55:26
699,772,M1515543166_2018-01-10-00-12-46_tids_[104].h5,1145.0,1175.0,30.0,[104],2018-01-10 00:31:51,2018-01-10 00:32:21
700,773,M1515543166_2018-01-10-00-12-46_tids_[104].h5,3245.0,3275.0,30.0,[104],2018-01-10 01:06:51,2018-01-10 01:07:21
701,774,M1515550366_2018-01-10-02-12-46_tids_[104].h5,2935.0,2950.0,15.0,[104],2018-01-10 03:01:41,2018-01-10 03:01:56
702,775,M1515564807_2018-01-10-06-13-27_tids_[104].h5,425.0,440.0,15.0,[104],2018-01-10 06:20:32,2018-01-10 06:20:47
703,776,M1515568423_2018-01-10-07-13-43_tids_[104].h5,2670.0,2695.0,25.0,[104],2018-01-10 07:58:13,2018-01-10 07:58:38
704,778,M1515572042_2018-01-10-08-14-02_tids_[104].h5,1185.0,1210.0,25.0,[104],2018-01-10 08:33:47,2018-01-10 08:34:12
705,779,M1515572042_2018-01-10-08-14-02_tids_[104].h5,2975.0,3000.0,25.0,[104],2018-01-10 09:03:37,2018-01-10 09:04:02
706,780,M1515575730_2018-01-10-09-15-30_tids_[104].h5,3240.0,3270.0,30.0,[104],2018-01-10 10:09:30,2018-01-10 10:10:00
707,781,M1515582993_2018-01-10-11-16-33_tids_[104].h5,3445.0,3465.0,20.0,[104],2018-01-10 12:13:58,2018-01-10 12:14:18
708,782,M1515590227_2018-01-10-13-17-07_tids_[104].h5,1435.0,1455.0,20.0,[104],2018-01-10 13:41:02,2018-01-10 13:41:22
709,783,M1515593878_2018-01-10-14-17-58_tids_[104].h5,230.0,250.0,20.0,[104],2018-01-10 14:21:48,2018-01-10 14:22:08
710,784,M1515658969_2018-01-11-08-22-49_tids_[104].h5,2945.0,2955.0,10.0,[104],2018-01-11 09:11:54,2018-01-11 09:12:04
711,785,M1515676969_2018-01-11-13-22-49_tids_[104].h5,2390.0,2435.0,45.0,[104],2018-01-11 14:02:39,2018-01-11 14:03:24
712,786,M1515691436_2018-01-11-17-23-56_tids_[104].h5,55.0,85.0,30.0,[104],2018-01-11 17:24:51,2018-01-11 17:25:21
713,787,M1515717011_2018-01-12-00-30-11_tids_[104].h5,2340.0,2365.0,25.0,[104],2018-01-12 01:09:11,2018-01-12 01:09:36
714,788,M1515731441_2018-01-12-04-30-41_tids_[104].h5,1080.0,1100.0,20.0,[104],2018-01-12 04:48:41,2018-01-12 04:49:01
715,789,M1515738657_2018-01-12-06-30-57_tids_[104].h5,760.0,800.0,40.0,[104],2018-01-12 06:43:37,2018-01-12 06:44:17
716,790,M1515742285_2018-01-12-07-31-25_tids_[104].h5,3140.0,3155.0,15.0,[104],2018-01-12 08:23:45,2018-01-12 08:24:00
717,791,M1515745885_2018-01-12-08-31-25_tids_[104].h5,3000.0,3025.0,25.0,[104],2018-01-12 09:21:25,2018-01-12 09:21:50
718,792,M1515753112_2018-01-12-10-31-52_tids_[104].h5,2450.0,2475.0,25.0,[104],2018-01-12 11:12:42,2018-01-12 11:13:07
719,793,M1515778403_2018-01-12-17-33-23_tids_[104].h5,2270.0,2295.0,25.0,[104],2018-01-12 18:11:13,2018-01-12 18:11:38
720,794,M1515792828_2018-01-12-21-33-48_tids_[104].h5,220.0,240.0,20.0,[104],2018-01-12 21:37:28,2018-01-12 21:37:48
721,795,M1515803641_2018-01-13-00-34-01_tids_[104].h5,3085.0,3110.0,25.0,[104],2018-01-13 01:25:26,2018-01-13 01:25:51
722,796,M1515821692_2018-01-13-05-34-52_tids_[104].h5,1935.0,1945.0,10.0,[104],2018-01-13 06:07:07,2018-01-13 06:07:17
723,797,M1515832510_2018-01-13-08-35-10_tids_[104].h5,2220.0,2240.0,20.0,[104],2018-01-13 09:12:10,2018-01-13 09:12:30
724,798,M1515839710_2018-01-13-10-35-10_tids_[104].h5,2365.0,2395.0,30.0,[104],2018-01-13 11:14:35,2018-01-13 11:15:05
725,799,M1515893777_2018-01-14-01-36-17_tids_[104].h5,930.0,940.0,10.0,[104],2018-01-14 01:51:47,2018-01-14 01:51:57
726,800,M1515900993_2018-01-14-03-36-33_tids_[104].h5,1155.0,1180.0,25.0,[104],2018-01-14 03:55:48,2018-01-14 03:56:13
727,1285,M1514117410_2017-12-24-12-10-10_tids_[103].h5,2995.0,3005.0,10.0,[103],2017-12-24 13:00:05,2017-12-24 13:00:15
728,1286,M1514157010_2017-12-24-23-10-10_tids_[103].h5,3505.0,3515.0,10.0,[103],2017-12-25 00:08:35,2017-12-25 00:08:45
