56,M1514178610_2017-12-25-05-10-10_tids_[98].h5,0.0,5.0,5.0,[98],2017-12-25 05:10:10,2017-12-25 05:10:15,M1514178610_[98]
5,M1513969809_2017-12-22-19-10-09_tids_[97].h5,3565.0,3580.0,15.0,[97],2017-12-22 20:09:34,2017-12-22 20:09:49,M1513969809_[97]
8,M1513977009_2017-12-22-21-10-09_tids_[97].h5,3540.0,3560.0,20.0,[97],2017-12-22 22:09:09,2017-12-22 22:09:29,M1513977009_[97]
25,M1514038209_2017-12-23-14-10-09_tids_[97].h5,20.0,30.0,10.0,[97],2017-12-23 14:10:29,2017-12-23 14:10:39,M1514038209_[97]
127,M1514445010_2017-12-28-07-10-10_tids_[97].h5,2615.0,2645.0,30.0,[97],2017-12-28 07:53:45,2017-12-28 07:54:15,M1514445010_[97]
136,M1514473808_2017-12-28-15-10-08_tids_[97].h5,10.0,55.0,45.0,[97],2017-12-28 15:10:18,2017-12-28 15:11:03,M1514473808_[97]
159,M1514614208_2017-12-30-06-10-08_tids_[97].h5,5.0,155.0,150.0,[97],2017-12-30 06:10:13,2017-12-30 06:12:43,M1514614208_[97]
160,M1514614208_2017-12-30-06-10-08_tids_[97].h5,170.0,355.0,185.0,[97],2017-12-30 06:12:58,2017-12-30 06:16:03,M1514614208_[97]
161,M1514614208_2017-12-30-06-10-08_tids_[97].h5,720.0,730.0,10.0,[97],2017-12-30 06:22:08,2017-12-30 06:22:18,M1514614208_[97]
163,M1514614208_2017-12-30-06-10-08_tids_[97].h5,2225.0,2230.0,5.0,[97],2017-12-30 06:47:13,2017-12-30 06:47:18,M1514614208_[97]
164,M1514614208_2017-12-30-06-10-08_tids_[97].h5,2245.0,2265.0,20.0,[97],2017-12-30 06:47:33,2017-12-30 06:47:53,M1514614208_[97]
165,M1514614208_2017-12-30-06-10-08_tids_[97].h5,2700.0,2760.0,60.0,[97],2017-12-30 06:55:08,2017-12-30 06:56:08,M1514614208_[97]
166,M1514614208_2017-12-30-06-10-08_tids_[97].h5,2775.0,2780.0,5.0,[97],2017-12-30 06:56:23,2017-12-30 06:56:28,M1514614208_[97]
167,M1514614208_2017-12-30-06-10-08_tids_[97].h5,3230.0,3250.0,20.0,[97],2017-12-30 07:03:58,2017-12-30 07:04:18,M1514614208_[97]
168,M1514617808_2017-12-30-07-10-08_tids_[97].h5,1105.0,1120.0,15.0,[97],2017-12-30 07:28:33,2017-12-30 07:28:48,M1514617808_[97]
169,M1514617808_2017-12-30-07-10-08_tids_[97].h5,2570.0,2595.0,25.0,[97],2017-12-30 07:52:58,2017-12-30 07:53:23,M1514617808_[97]
171,M1514617808_2017-12-30-07-10-08_tids_[97].h5,3050.0,3075.0,25.0,[97],2017-12-30 08:00:58,2017-12-30 08:01:23,M1514617808_[97]
173,M1514621408_2017-12-30-08-10-08_tids_[97].h5,530.0,540.0,10.0,[97],2017-12-30 08:18:58,2017-12-30 08:19:08,M1514621408_[97]
174,M1514621408_2017-12-30-08-10-08_tids_[97].h5,2475.0,2495.0,20.0,[97],2017-12-30 08:51:23,2017-12-30 08:51:43,M1514621408_[97]
175,M1514621408_2017-12-30-08-10-08_tids_[97].h5,2510.0,2515.0,5.0,[97],2017-12-30 08:51:58,2017-12-30 08:52:03,M1514621408_[97]
176,M1514621408_2017-12-30-08-10-08_tids_[97].h5,2985.0,2995.0,10.0,[97],2017-12-30 08:59:53,2017-12-30 09:00:03,M1514621408_[97]
177,M1514625008_2017-12-30-09-10-08_tids_[97].h5,880.0,900.0,20.0,[97],2017-12-30 09:24:48,2017-12-30 09:25:08,M1514625008_[97]
178,M1514625008_2017-12-30-09-10-08_tids_[97].h5,1370.0,1380.0,10.0,[97],2017-12-30 09:32:58,2017-12-30 09:33:08,M1514625008_[97]
181,M1514625008_2017-12-30-09-10-08_tids_[97].h5,3415.0,3435.0,20.0,[97],2017-12-30 10:07:03,2017-12-30 10:07:23,M1514625008_[97]
183,M1514628608_2017-12-30-10-10-08_tids_[97].h5,1335.0,1360.0,25.0,[97],2017-12-30 10:32:23,2017-12-30 10:32:48,M1514628608_[97]
184,M1514628608_2017-12-30-10-10-08_tids_[97].h5,2790.0,2810.0,20.0,[97],2017-12-30 10:56:38,2017-12-30 10:56:58,M1514628608_[97]
185,M1514628608_2017-12-30-10-10-08_tids_[97].h5,2835.0,2855.0,20.0,[97],2017-12-30 10:57:23,2017-12-30 10:57:43,M1514628608_[97]
187,M1514632208_2017-12-30-11-10-08_tids_[97].h5,1770.0,1790.0,20.0,[97],2017-12-30 11:39:38,2017-12-30 11:39:58,M1514632208_[97]
188,M1514632208_2017-12-30-11-10-08_tids_[97].h5,2250.0,2280.0,30.0,[97],2017-12-30 11:47:38,2017-12-30 11:48:08,M1514632208_[97]
190,M1514639408_2017-12-30-13-10-08_tids_[97].h5,625.0,635.0,10.0,[97],2017-12-30 13:20:33,2017-12-30 13:20:43,M1514639408_[97]
191,M1514639408_2017-12-30-13-10-08_tids_[97].h5,1635.0,1645.0,10.0,[97],2017-12-30 13:37:23,2017-12-30 13:37:33,M1514639408_[97]
192,M1514639408_2017-12-30-13-10-08_tids_[97].h5,1670.0,1700.0,30.0,[97],2017-12-30 13:37:58,2017-12-30 13:38:28,M1514639408_[97]
193,M1514639408_2017-12-30-13-10-08_tids_[97].h5,2155.0,2180.0,25.0,[97],2017-12-30 13:46:03,2017-12-30 13:46:28,M1514639408_[97]
194,M1514639408_2017-12-30-13-10-08_tids_[97].h5,2655.0,2695.0,40.0,[97],2017-12-30 13:54:23,2017-12-30 13:55:03,M1514639408_[97]
195,M1514639408_2017-12-30-13-10-08_tids_[97].h5,3170.0,3180.0,10.0,[97],2017-12-30 14:02:58,2017-12-30 14:03:08,M1514639408_[97]
196,M1514639408_2017-12-30-13-10-08_tids_[97].h5,3195.0,3200.0,5.0,[97],2017-12-30 14:03:23,2017-12-30 14:03:28,M1514639408_[97]
199,M1514643008_2017-12-30-14-10-08_tids_[97].h5,65.0,120.0,55.0,[97],2017-12-30 14:11:13,2017-12-30 14:12:08,M1514643008_[97]
200,M1514643008_2017-12-30-14-10-08_tids_[97].h5,550.0,580.0,30.0,[97],2017-12-30 14:19:18,2017-12-30 14:19:48,M1514643008_[97]
201,M1514643008_2017-12-30-14-10-08_tids_[97].h5,615.0,625.0,10.0,[97],2017-12-30 14:20:23,2017-12-30 14:20:33,M1514643008_[97]
202,M1514643008_2017-12-30-14-10-08_tids_[97].h5,1055.0,1065.0,10.0,[97],2017-12-30 14:27:43,2017-12-30 14:27:53,M1514643008_[97]
203,M1514643008_2017-12-30-14-10-08_tids_[97].h5,1100.0,1115.0,15.0,[97],2017-12-30 14:28:28,2017-12-30 14:28:43,M1514643008_[97]
204,M1514643008_2017-12-30-14-10-08_tids_[97].h5,1130.0,1135.0,5.0,[97],2017-12-30 14:28:58,2017-12-30 14:29:03,M1514643008_[97]
206,M1514643008_2017-12-30-14-10-08_tids_[97].h5,2160.0,2180.0,20.0,[97],2017-12-30 14:46:08,2017-12-30 14:46:28,M1514643008_[97]
207,M1514643008_2017-12-30-14-10-08_tids_[97].h5,2685.0,2710.0,25.0,[97],2017-12-30 14:54:53,2017-12-30 14:55:18,M1514643008_[97]
208,M1514643008_2017-12-30-14-10-08_tids_[97].h5,3100.0,3130.0,30.0,[97],2017-12-30 15:01:48,2017-12-30 15:02:18,M1514643008_[97]
210,M1514646608_2017-12-30-15-10-08_tids_[97].h5,50.0,90.0,40.0,[97],2017-12-30 15:10:58,2017-12-30 15:11:38,M1514646608_[97]
211,M1514646608_2017-12-30-15-10-08_tids_[97].h5,510.0,520.0,10.0,[97],2017-12-30 15:18:38,2017-12-30 15:18:48,M1514646608_[97]
212,M1514646608_2017-12-30-15-10-08_tids_[97].h5,1025.0,1055.0,30.0,[97],2017-12-30 15:27:13,2017-12-30 15:27:43,M1514646608_[97]
213,M1514646608_2017-12-30-15-10-08_tids_[97].h5,2090.0,2100.0,10.0,[97],2017-12-30 15:44:58,2017-12-30 15:45:08,M1514646608_[97]
214,M1514646608_2017-12-30-15-10-08_tids_[97].h5,2560.0,2580.0,20.0,[97],2017-12-30 15:52:48,2017-12-30 15:53:08,M1514646608_[97]
215,M1514646608_2017-12-30-15-10-08_tids_[97].h5,2600.0,2620.0,20.0,[97],2017-12-30 15:53:28,2017-12-30 15:53:48,M1514646608_[97]
216,M1514646608_2017-12-30-15-10-08_tids_[97].h5,2635.0,2655.0,20.0,[97],2017-12-30 15:54:03,2017-12-30 15:54:23,M1514646608_[97]
217,M1514650208_2017-12-30-16-10-08_tids_[97].h5,1560.0,1575.0,15.0,[97],2017-12-30 16:36:08,2017-12-30 16:36:23,M1514650208_[97]
224,M1514686208_2017-12-31-02-10-08_tids_[110].h5,0.0,35.0,35.0,[110],2017-12-31 02:10:08,2017-12-31 02:10:43,M1514686208_[110]
225,M1514689808_2017-12-31-03-10-08_tids_[110].h5,0.0,20.0,20.0,[110],2017-12-31 03:10:08,2017-12-31 03:10:28,M1514689808_[110]
285,M1514859009_2018-01-02-02-10-09_tids_[110].h5,305.0,315.0,10.0,[110],2018-01-02 02:15:14,2018-01-02 02:15:24,M1514859009_[110]
401,M1515294766_2018-01-07-03-12-46_tids_[108].h5,1740.0,1765.0,25.0,[108],2018-01-07 03:41:46,2018-01-07 03:42:11,M1515294766_[108]
443,M1515359566_2018-01-07-21-12-46_tids_[108].h5,2495.0,2510.0,15.0,[108],2018-01-07 21:54:21,2018-01-07 21:54:36,M1515359566_[108]
460,M1515388366_2018-01-08-05-12-46_tids_[108].h5,1180.0,1190.0,10.0,[108],2018-01-08 05:32:26,2018-01-08 05:32:36,M1515388366_[108]
606,M1515727811_2018-01-12-03-30-11_tids_[108].h5,3595.0,3600.0,5.0,[108],2018-01-12 04:30:06,2018-01-12 04:30:11,M1515727811_[108]
652,M1515810858_2018-01-13-02-34-18_tids_[108].h5,2250.0,2265.0,15.0,[108],2018-01-13 03:11:48,2018-01-13 03:12:03,M1515810858_[108]
671,M1515854153_2018-01-13-14-35-53_tids_[108].h5,1545.0,1580.0,35.0,[108],2018-01-13 15:01:38,2018-01-13 15:02:13,M1515854153_[108]
683,M1515890177_2018-01-14-00-36-17_tids_[108].h5,3490.0,3525.0,35.0,[108],2018-01-14 01:34:27,2018-01-14 01:35:02,M1515890177_[108]
98,M1514326210_2017-12-26-22-10-10_tids_[107].h5,1980.0,1995.0,15.0,[107],2017-12-26 22:43:10,2017-12-26 22:43:25,M1514326210_[107]
120,M1514409010_2017-12-27-21-10-10_tids_[107].h5,1795.0,1800.0,5.0,[107],2017-12-27 21:40:05,2017-12-27 21:40:10,M1514409010_[107]
397,M1515291166_2018-01-07-02-12-46_tids_[107].h5,965.0,980.0,15.0,[107],2018-01-07 02:28:51,2018-01-07 02:29:06,M1515291166_[107]
417,M1515316366_2018-01-07-09-12-46_tids_[107].h5,3505.0,3520.0,15.0,[107],2018-01-07 10:11:11,2018-01-07 10:11:26,M1515316366_[107]
631,M1515774803_2018-01-12-16-33-23_tids_[107].h5,3500.0,3505.0,5.0,[107],2018-01-12 17:31:43,2018-01-12 17:31:48,M1515774803_[107]
1178,M1516056819_2018-01-15-22-53-39_tids_[107].h5,1755.0,1775.0,20.0,[107],2018-01-15 23:22:54,2018-01-15 23:23:14,M1516056819_[107]
1269,M1516528612_2018-01-21-09-56-52_tids_[107].h5,3390.0,3395.0,5.0,[107],2018-01-21 10:53:22,2018-01-21 10:53:27,M1516528612_[107]
272,M1514830209_2018-01-01-18-10-09_tids_[106].h5,3570.0,3580.0,10.0,[106],2018-01-01 19:09:39,2018-01-01 19:09:49,M1514830209_[106]
356,M1515089424_2018-01-04-18-10-24_tids_[106].h5,1590.0,1595.0,5.0,[106],2018-01-04 18:36:54,2018-01-04 18:36:59,M1515089424_[106]
1200,M1516244159_2018-01-18-02-55-59_tids_[105].h5,2640.0,2645.0,5.0,[105],2018-01-18 03:39:59,2018-01-18 03:40:04,M1516244159_[105]
569,M1515568423_2018-01-10-07-13-43_tids_[104].h5,2710.0,2715.0,5.0,[104],2018-01-10 07:58:53,2018-01-10 07:58:58,M1515568423_[104]
688,M1515908193_2018-01-14-05-36-33_tids_[104].h5,730.0,740.0,10.0,[104],2018-01-14 05:48:43,2018-01-14 05:48:53,M1515908193_[104]
690,M1515908193_2018-01-14-05-36-33_tids_[104].h5,1920.0,1935.0,15.0,[104],2018-01-14 06:08:33,2018-01-14 06:08:48,M1515908193_[104]
691,M1515911793_2018-01-14-06-36-33_tids_[104].h5,105.0,125.0,20.0,[104],2018-01-14 06:38:18,2018-01-14 06:38:38,M1515911793_[104]
692,M1515911793_2018-01-14-06-36-33_tids_[104].h5,165.0,190.0,25.0,[104],2018-01-14 06:39:18,2018-01-14 06:39:43,M1515911793_[104]
693,M1515911793_2018-01-14-06-36-33_tids_[104].h5,635.0,675.0,40.0,[104],2018-01-14 06:47:08,2018-01-14 06:47:48,M1515911793_[104]
694,M1515911793_2018-01-14-06-36-33_tids_[104].h5,975.0,980.0,5.0,[104],2018-01-14 06:52:48,2018-01-14 06:52:53,M1515911793_[104]
695,M1515911793_2018-01-14-06-36-33_tids_[104].h5,995.0,1060.0,65.0,[104],2018-01-14 06:53:08,2018-01-14 06:54:13,M1515911793_[104]
696,M1515911793_2018-01-14-06-36-33_tids_[104].h5,1080.0,1090.0,10.0,[104],2018-01-14 06:54:33,2018-01-14 06:54:43,M1515911793_[104]
697,M1515911793_2018-01-14-06-36-33_tids_[104].h5,1130.0,1155.0,25.0,[104],2018-01-14 06:55:23,2018-01-14 06:55:48,M1515911793_[104]
698,M1515911793_2018-01-14-06-36-33_tids_[104].h5,1175.0,1190.0,15.0,[104],2018-01-14 06:56:08,2018-01-14 06:56:23,M1515911793_[104]
699,M1515911793_2018-01-14-06-36-33_tids_[104].h5,1220.0,1260.0,40.0,[104],2018-01-14 06:56:53,2018-01-14 06:57:33,M1515911793_[104]
700,M1515911793_2018-01-14-06-36-33_tids_[104].h5,1305.0,1490.0,185.0,[104],2018-01-14 06:58:18,2018-01-14 07:01:23,M1515911793_[104]
701,M1515911793_2018-01-14-06-36-33_tids_[104].h5,1520.0,1695.0,175.0,[104],2018-01-14 07:01:53,2018-01-14 07:04:48,M1515911793_[104]
703,M1515911793_2018-01-14-06-36-33_tids_[104].h5,2350.0,2380.0,30.0,[104],2018-01-14 07:15:43,2018-01-14 07:16:13,M1515911793_[104]
704,M1515911793_2018-01-14-06-36-33_tids_[104].h5,2415.0,2440.0,25.0,[104],2018-01-14 07:16:48,2018-01-14 07:17:13,M1515911793_[104]
705,M1515911793_2018-01-14-06-36-33_tids_[104].h5,2715.0,2725.0,10.0,[104],2018-01-14 07:21:48,2018-01-14 07:21:58,M1515911793_[104]
706,M1515911793_2018-01-14-06-36-33_tids_[104].h5,2810.0,2865.0,55.0,[104],2018-01-14 07:23:23,2018-01-14 07:24:18,M1515911793_[104]
707,M1515911793_2018-01-14-06-36-33_tids_[104].h5,2895.0,3165.0,270.0,[104],2018-01-14 07:24:48,2018-01-14 07:29:18,M1515911793_[104]
708,M1515911793_2018-01-14-06-36-33_tids_[104].h5,3180.0,3415.0,235.0,[104],2018-01-14 07:29:33,2018-01-14 07:33:28,M1515911793_[104]
709,M1515911793_2018-01-14-06-36-33_tids_[104].h5,3430.0,3560.0,130.0,[104],2018-01-14 07:33:43,2018-01-14 07:35:53,M1515911793_[104]
710,M1515911793_2018-01-14-06-36-33_tids_[104].h5,3595.0,3600.0,5.0,[104],2018-01-14 07:36:28,2018-01-14 07:36:33,M1515911793_[104]
711,M1515915419_2018-01-14-07-36-59_tids_[104].h5,5.0,60.0,55.0,[104],2018-01-14 07:37:04,2018-01-14 07:37:59,M1515915419_[104]
712,M1515915419_2018-01-14-07-36-59_tids_[104].h5,75.0,165.0,90.0,[104],2018-01-14 07:38:14,2018-01-14 07:39:44,M1515915419_[104]
713,M1515915419_2018-01-14-07-36-59_tids_[104].h5,180.0,200.0,20.0,[104],2018-01-14 07:39:59,2018-01-14 07:40:19,M1515915419_[104]
714,M1515915419_2018-01-14-07-36-59_tids_[104].h5,295.0,350.0,55.0,[104],2018-01-14 07:41:54,2018-01-14 07:42:49,M1515915419_[104]
715,M1515915419_2018-01-14-07-36-59_tids_[104].h5,385.0,405.0,20.0,[104],2018-01-14 07:43:24,2018-01-14 07:43:44,M1515915419_[104]
716,M1515915419_2018-01-14-07-36-59_tids_[104].h5,425.0,435.0,10.0,[104],2018-01-14 07:44:04,2018-01-14 07:44:14,M1515915419_[104]
717,M1515915419_2018-01-14-07-36-59_tids_[104].h5,450.0,470.0,20.0,[104],2018-01-14 07:44:29,2018-01-14 07:44:49,M1515915419_[104]
718,M1515915419_2018-01-14-07-36-59_tids_[104].h5,525.0,545.0,20.0,[104],2018-01-14 07:45:44,2018-01-14 07:46:04,M1515915419_[104]
719,M1515915419_2018-01-14-07-36-59_tids_[104].h5,585.0,605.0,20.0,[104],2018-01-14 07:46:44,2018-01-14 07:47:04,M1515915419_[104]
720,M1515915419_2018-01-14-07-36-59_tids_[104].h5,650.0,680.0,30.0,[104],2018-01-14 07:47:49,2018-01-14 07:48:19,M1515915419_[104]
721,M1515915419_2018-01-14-07-36-59_tids_[104].h5,700.0,760.0,60.0,[104],2018-01-14 07:48:39,2018-01-14 07:49:39,M1515915419_[104]
722,M1515915419_2018-01-14-07-36-59_tids_[104].h5,775.0,780.0,5.0,[104],2018-01-14 07:49:54,2018-01-14 07:49:59,M1515915419_[104]
723,M1515915419_2018-01-14-07-36-59_tids_[104].h5,845.0,855.0,10.0,[104],2018-01-14 07:51:04,2018-01-14 07:51:14,M1515915419_[104]
724,M1515915419_2018-01-14-07-36-59_tids_[104].h5,895.0,920.0,25.0,[104],2018-01-14 07:51:54,2018-01-14 07:52:19,M1515915419_[104]
725,M1515915419_2018-01-14-07-36-59_tids_[104].h5,985.0,995.0,10.0,[104],2018-01-14 07:53:24,2018-01-14 07:53:34,M1515915419_[104]
726,M1515915419_2018-01-14-07-36-59_tids_[104].h5,1015.0,1035.0,20.0,[104],2018-01-14 07:53:54,2018-01-14 07:54:14,M1515915419_[104]
727,M1515915419_2018-01-14-07-36-59_tids_[104].h5,1060.0,1225.0,165.0,[104],2018-01-14 07:54:39,2018-01-14 07:57:24,M1515915419_[104]
728,M1515915419_2018-01-14-07-36-59_tids_[104].h5,1240.0,1480.0,240.0,[104],2018-01-14 07:57:39,2018-01-14 08:01:39,M1515915419_[104]
729,M1515915419_2018-01-14-07-36-59_tids_[104].h5,1545.0,1655.0,110.0,[104],2018-01-14 08:02:44,2018-01-14 08:04:34,M1515915419_[104]
730,M1515915419_2018-01-14-07-36-59_tids_[104].h5,1720.0,1870.0,150.0,[104],2018-01-14 08:05:39,2018-01-14 08:08:09,M1515915419_[104]
731,M1515915419_2018-01-14-07-36-59_tids_[104].h5,1950.0,2050.0,100.0,[104],2018-01-14 08:09:29,2018-01-14 08:11:09,M1515915419_[104]
732,M1515915419_2018-01-14-07-36-59_tids_[104].h5,2070.0,2105.0,35.0,[104],2018-01-14 08:11:29,2018-01-14 08:12:04,M1515915419_[104]
733,M1515915419_2018-01-14-07-36-59_tids_[104].h5,2120.0,2125.0,5.0,[104],2018-01-14 08:12:19,2018-01-14 08:12:24,M1515915419_[104]
734,M1515915419_2018-01-14-07-36-59_tids_[104].h5,2145.0,2170.0,25.0,[104],2018-01-14 08:12:44,2018-01-14 08:13:09,M1515915419_[104]
735,M1515915419_2018-01-14-07-36-59_tids_[104].h5,2195.0,2210.0,15.0,[104],2018-01-14 08:13:34,2018-01-14 08:13:49,M1515915419_[104]
736,M1515915419_2018-01-14-07-36-59_tids_[104].h5,2605.0,2630.0,25.0,[104],2018-01-14 08:20:24,2018-01-14 08:20:49,M1515915419_[104]
737,M1515915419_2018-01-14-07-36-59_tids_[104].h5,3355.0,3380.0,25.0,[104],2018-01-14 08:32:54,2018-01-14 08:33:19,M1515915419_[104]
738,M1515915419_2018-01-14-07-36-59_tids_[104].h5,3395.0,3505.0,110.0,[104],2018-01-14 08:33:34,2018-01-14 08:35:24,M1515915419_[104]
739,M1515915419_2018-01-14-07-36-59_tids_[104].h5,3585.0,3600.0,15.0,[104],2018-01-14 08:36:44,2018-01-14 08:36:59,M1515915419_[104]
740,M1515919034_2018-01-14-08-37-14_tids_[104].h5,0.0,45.0,45.0,[104],2018-01-14 08:37:14,2018-01-14 08:37:59,M1515919034_[104]
741,M1515919034_2018-01-14-08-37-14_tids_[104].h5,65.0,275.0,210.0,[104],2018-01-14 08:38:19,2018-01-14 08:41:49,M1515919034_[104]
742,M1515919034_2018-01-14-08-37-14_tids_[104].h5,300.0,675.0,375.0,[104],2018-01-14 08:42:14,2018-01-14 08:48:29,M1515919034_[104]
743,M1515919034_2018-01-14-08-37-14_tids_[104].h5,720.0,745.0,25.0,[104],2018-01-14 08:49:14,2018-01-14 08:49:39,M1515919034_[104]
744,M1515919034_2018-01-14-08-37-14_tids_[104].h5,805.0,850.0,45.0,[104],2018-01-14 08:50:39,2018-01-14 08:51:24,M1515919034_[104]
745,M1515919034_2018-01-14-08-37-14_tids_[104].h5,865.0,1075.0,210.0,[104],2018-01-14 08:51:39,2018-01-14 08:55:09,M1515919034_[104]
746,M1515919034_2018-01-14-08-37-14_tids_[104].h5,1095.0,1180.0,85.0,[104],2018-01-14 08:55:29,2018-01-14 08:56:54,M1515919034_[104]
747,M1515919034_2018-01-14-08-37-14_tids_[104].h5,1275.0,1290.0,15.0,[104],2018-01-14 08:58:29,2018-01-14 08:58:44,M1515919034_[104]
748,M1515919034_2018-01-14-08-37-14_tids_[104].h5,1305.0,1450.0,145.0,[104],2018-01-14 08:58:59,2018-01-14 09:01:24,M1515919034_[104]
749,M1515919034_2018-01-14-08-37-14_tids_[104].h5,1465.0,1585.0,120.0,[104],2018-01-14 09:01:39,2018-01-14 09:03:39,M1515919034_[104]
750,M1515919034_2018-01-14-08-37-14_tids_[104].h5,1610.0,1700.0,90.0,[104],2018-01-14 09:04:04,2018-01-14 09:05:34,M1515919034_[104]
751,M1515919034_2018-01-14-08-37-14_tids_[104].h5,1715.0,1785.0,70.0,[104],2018-01-14 09:05:49,2018-01-14 09:06:59,M1515919034_[104]
752,M1515919034_2018-01-14-08-37-14_tids_[104].h5,1810.0,1830.0,20.0,[104],2018-01-14 09:07:24,2018-01-14 09:07:44,M1515919034_[104]
753,M1515919034_2018-01-14-08-37-14_tids_[104].h5,1845.0,2160.0,315.0,[104],2018-01-14 09:07:59,2018-01-14 09:13:14,M1515919034_[104]
754,M1515919034_2018-01-14-08-37-14_tids_[104].h5,2280.0,2305.0,25.0,[104],2018-01-14 09:15:14,2018-01-14 09:15:39,M1515919034_[104]
755,M1515919034_2018-01-14-08-37-14_tids_[104].h5,2600.0,2745.0,145.0,[104],2018-01-14 09:20:34,2018-01-14 09:22:59,M1515919034_[104]
756,M1515919034_2018-01-14-08-37-14_tids_[104].h5,2760.0,2785.0,25.0,[104],2018-01-14 09:23:14,2018-01-14 09:23:39,M1515919034_[104]
757,M1515919034_2018-01-14-08-37-14_tids_[104].h5,3425.0,3440.0,15.0,[104],2018-01-14 09:34:19,2018-01-14 09:34:34,M1515919034_[104]
758,M1515919034_2018-01-14-08-37-14_tids_[104].h5,3475.0,3600.0,125.0,[104],2018-01-14 09:35:09,2018-01-14 09:37:14,M1515919034_[104]
759,M1515922634_2018-01-14-09-37-14_tids_[104].h5,5.0,15.0,10.0,[104],2018-01-14 09:37:19,2018-01-14 09:37:29,M1515922634_[104]
760,M1515922634_2018-01-14-09-37-14_tids_[104].h5,660.0,690.0,30.0,[104],2018-01-14 09:48:14,2018-01-14 09:48:44,M1515922634_[104]
761,M1515922634_2018-01-14-09-37-14_tids_[104].h5,900.0,995.0,95.0,[104],2018-01-14 09:52:14,2018-01-14 09:53:49,M1515922634_[104]
762,M1515922634_2018-01-14-09-37-14_tids_[104].h5,1010.0,1065.0,55.0,[104],2018-01-14 09:54:04,2018-01-14 09:54:59,M1515922634_[104]
763,M1515922634_2018-01-14-09-37-14_tids_[104].h5,1080.0,1085.0,5.0,[104],2018-01-14 09:55:14,2018-01-14 09:55:19,M1515922634_[104]
764,M1515922634_2018-01-14-09-37-14_tids_[104].h5,1105.0,1130.0,25.0,[104],2018-01-14 09:55:39,2018-01-14 09:56:04,M1515922634_[104]
765,M1515922634_2018-01-14-09-37-14_tids_[104].h5,1300.0,1315.0,15.0,[104],2018-01-14 09:58:54,2018-01-14 09:59:09,M1515922634_[104]
766,M1515922634_2018-01-14-09-37-14_tids_[104].h5,1330.0,1335.0,5.0,[104],2018-01-14 09:59:24,2018-01-14 09:59:29,M1515922634_[104]
767,M1515922634_2018-01-14-09-37-14_tids_[104].h5,1460.0,1470.0,10.0,[104],2018-01-14 10:01:34,2018-01-14 10:01:44,M1515922634_[104]
768,M1515922634_2018-01-14-09-37-14_tids_[104].h5,1635.0,1710.0,75.0,[104],2018-01-14 10:04:29,2018-01-14 10:05:44,M1515922634_[104]
769,M1515922634_2018-01-14-09-37-14_tids_[104].h5,1780.0,1800.0,20.0,[104],2018-01-14 10:06:54,2018-01-14 10:07:14,M1515922634_[104]
770,M1515922634_2018-01-14-09-37-14_tids_[104].h5,1825.0,1855.0,30.0,[104],2018-01-14 10:07:39,2018-01-14 10:08:09,M1515922634_[104]
771,M1515922634_2018-01-14-09-37-14_tids_[104].h5,1870.0,1880.0,10.0,[104],2018-01-14 10:08:24,2018-01-14 10:08:34,M1515922634_[104]
772,M1515922634_2018-01-14-09-37-14_tids_[104].h5,1990.0,1995.0,5.0,[104],2018-01-14 10:10:24,2018-01-14 10:10:29,M1515922634_[104]
773,M1515922634_2018-01-14-09-37-14_tids_[104].h5,2010.0,2025.0,15.0,[104],2018-01-14 10:10:44,2018-01-14 10:10:59,M1515922634_[104]
774,M1515922634_2018-01-14-09-37-14_tids_[104].h5,2045.0,2060.0,15.0,[104],2018-01-14 10:11:19,2018-01-14 10:11:34,M1515922634_[104]
775,M1515922634_2018-01-14-09-37-14_tids_[104].h5,2120.0,2175.0,55.0,[104],2018-01-14 10:12:34,2018-01-14 10:13:29,M1515922634_[104]
776,M1515922634_2018-01-14-09-37-14_tids_[104].h5,2210.0,2225.0,15.0,[104],2018-01-14 10:14:04,2018-01-14 10:14:19,M1515922634_[104]
777,M1515922634_2018-01-14-09-37-14_tids_[104].h5,2260.0,2320.0,60.0,[104],2018-01-14 10:14:54,2018-01-14 10:15:54,M1515922634_[104]
778,M1515922634_2018-01-14-09-37-14_tids_[104].h5,2335.0,2350.0,15.0,[104],2018-01-14 10:16:09,2018-01-14 10:16:24,M1515922634_[104]
779,M1515922634_2018-01-14-09-37-14_tids_[104].h5,2365.0,2385.0,20.0,[104],2018-01-14 10:16:39,2018-01-14 10:16:59,M1515922634_[104]
780,M1515922634_2018-01-14-09-37-14_tids_[104].h5,2435.0,2495.0,60.0,[104],2018-01-14 10:17:49,2018-01-14 10:18:49,M1515922634_[104]
781,M1515922634_2018-01-14-09-37-14_tids_[104].h5,2515.0,2525.0,10.0,[104],2018-01-14 10:19:09,2018-01-14 10:19:19,M1515922634_[104]
782,M1515922634_2018-01-14-09-37-14_tids_[104].h5,2540.0,2585.0,45.0,[104],2018-01-14 10:19:34,2018-01-14 10:20:19,M1515922634_[104]
783,M1515922634_2018-01-14-09-37-14_tids_[104].h5,2600.0,2605.0,5.0,[104],2018-01-14 10:20:34,2018-01-14 10:20:39,M1515922634_[104]
784,M1515922634_2018-01-14-09-37-14_tids_[104].h5,2630.0,2645.0,15.0,[104],2018-01-14 10:21:04,2018-01-14 10:21:19,M1515922634_[104]
785,M1515922634_2018-01-14-09-37-14_tids_[104].h5,2660.0,2760.0,100.0,[104],2018-01-14 10:21:34,2018-01-14 10:23:14,M1515922634_[104]
786,M1515922634_2018-01-14-09-37-14_tids_[104].h5,2775.0,2785.0,10.0,[104],2018-01-14 10:23:29,2018-01-14 10:23:39,M1515922634_[104]
787,M1515922634_2018-01-14-09-37-14_tids_[104].h5,2800.0,2845.0,45.0,[104],2018-01-14 10:23:54,2018-01-14 10:24:39,M1515922634_[104]
788,M1515922634_2018-01-14-09-37-14_tids_[104].h5,3095.0,3150.0,55.0,[104],2018-01-14 10:28:49,2018-01-14 10:29:44,M1515922634_[104]
789,M1515922634_2018-01-14-09-37-14_tids_[104].h5,3295.0,3340.0,45.0,[104],2018-01-14 10:32:09,2018-01-14 10:32:54,M1515922634_[104]
790,M1515922634_2018-01-14-09-37-14_tids_[104].h5,3375.0,3380.0,5.0,[104],2018-01-14 10:33:29,2018-01-14 10:33:34,M1515922634_[104]
791,M1515922634_2018-01-14-09-37-14_tids_[104].h5,3395.0,3530.0,135.0,[104],2018-01-14 10:33:49,2018-01-14 10:36:04,M1515922634_[104]
792,M1515922634_2018-01-14-09-37-14_tids_[104].h5,3545.0,3565.0,20.0,[104],2018-01-14 10:36:19,2018-01-14 10:36:39,M1515922634_[104]
793,M1515922634_2018-01-14-09-37-14_tids_[104].h5,3580.0,3585.0,5.0,[104],2018-01-14 10:36:54,2018-01-14 10:36:59,M1515922634_[104]
794,M1515926234_2018-01-14-10-37-14_tids_[104].h5,555.0,570.0,15.0,[104],2018-01-14 10:46:29,2018-01-14 10:46:44,M1515926234_[104]
795,M1515926234_2018-01-14-10-37-14_tids_[104].h5,890.0,915.0,25.0,[104],2018-01-14 10:52:04,2018-01-14 10:52:29,M1515926234_[104]
796,M1515926234_2018-01-14-10-37-14_tids_[104].h5,930.0,950.0,20.0,[104],2018-01-14 10:52:44,2018-01-14 10:53:04,M1515926234_[104]
797,M1515926234_2018-01-14-10-37-14_tids_[104].h5,1035.0,1040.0,5.0,[104],2018-01-14 10:54:29,2018-01-14 10:54:34,M1515926234_[104]
798,M1515926234_2018-01-14-10-37-14_tids_[104].h5,1135.0,1170.0,35.0,[104],2018-01-14 10:56:09,2018-01-14 10:56:44,M1515926234_[104]
799,M1515926234_2018-01-14-10-37-14_tids_[104].h5,1515.0,1635.0,120.0,[104],2018-01-14 11:02:29,2018-01-14 11:04:29,M1515926234_[104]
800,M1515926234_2018-01-14-10-37-14_tids_[104].h5,1650.0,1680.0,30.0,[104],2018-01-14 11:04:44,2018-01-14 11:05:14,M1515926234_[104]
801,M1515926234_2018-01-14-10-37-14_tids_[104].h5,1695.0,1710.0,15.0,[104],2018-01-14 11:05:29,2018-01-14 11:05:44,M1515926234_[104]
802,M1515926234_2018-01-14-10-37-14_tids_[104].h5,1725.0,2275.0,550.0,[104],2018-01-14 11:05:59,2018-01-14 11:15:09,M1515926234_[104]
803,M1515926234_2018-01-14-10-37-14_tids_[104].h5,2360.0,2365.0,5.0,[104],2018-01-14 11:16:34,2018-01-14 11:16:39,M1515926234_[104]
804,M1515926234_2018-01-14-10-37-14_tids_[104].h5,2380.0,2400.0,20.0,[104],2018-01-14 11:16:54,2018-01-14 11:17:14,M1515926234_[104]
805,M1515926234_2018-01-14-10-37-14_tids_[104].h5,2415.0,3380.0,965.0,[104],2018-01-14 11:17:29,2018-01-14 11:33:34,M1515926234_[104]
806,M1515926234_2018-01-14-10-37-14_tids_[104].h5,3395.0,3460.0,65.0,[104],2018-01-14 11:33:49,2018-01-14 11:34:54,M1515926234_[104]
807,M1515926234_2018-01-14-10-37-14_tids_[104].h5,3475.0,3585.0,110.0,[104],2018-01-14 11:35:09,2018-01-14 11:36:59,M1515926234_[104]
808,M1515929834_2018-01-14-11-37-14_tids_[104].h5,0.0,230.0,230.0,[104],2018-01-14 11:37:14,2018-01-14 11:41:04,M1515929834_[104]
809,M1515929834_2018-01-14-11-37-14_tids_[104].h5,245.0,1005.0,760.0,[104],2018-01-14 11:41:19,2018-01-14 11:53:59,M1515929834_[104]
810,M1515929834_2018-01-14-11-37-14_tids_[104].h5,1025.0,1200.0,175.0,[104],2018-01-14 11:54:19,2018-01-14 11:57:14,M1515929834_[104]
811,M1515929834_2018-01-14-11-37-14_tids_[104].h5,1760.0,1770.0,10.0,[104],2018-01-14 12:06:34,2018-01-14 12:06:44,M1515929834_[104]
812,M1515929834_2018-01-14-11-37-14_tids_[104].h5,1990.0,1995.0,5.0,[104],2018-01-14 12:10:24,2018-01-14 12:10:29,M1515929834_[104]
813,M1515929834_2018-01-14-11-37-14_tids_[104].h5,2010.0,2035.0,25.0,[104],2018-01-14 12:10:44,2018-01-14 12:11:09,M1515929834_[104]
814,M1515929834_2018-01-14-11-37-14_tids_[104].h5,2050.0,2055.0,5.0,[104],2018-01-14 12:11:24,2018-01-14 12:11:29,M1515929834_[104]
815,M1515929834_2018-01-14-11-37-14_tids_[104].h5,2080.0,2120.0,40.0,[104],2018-01-14 12:11:54,2018-01-14 12:12:34,M1515929834_[104]
816,M1515929834_2018-01-14-11-37-14_tids_[104].h5,2135.0,2140.0,5.0,[104],2018-01-14 12:12:49,2018-01-14 12:12:54,M1515929834_[104]
817,M1515929834_2018-01-14-11-37-14_tids_[104].h5,2300.0,2320.0,20.0,[104],2018-01-14 12:15:34,2018-01-14 12:15:54,M1515929834_[104]
818,M1515929834_2018-01-14-11-37-14_tids_[104].h5,2460.0,2505.0,45.0,[104],2018-01-14 12:18:14,2018-01-14 12:18:59,M1515929834_[104]
819,M1515929834_2018-01-14-11-37-14_tids_[104].h5,2530.0,2560.0,30.0,[104],2018-01-14 12:19:24,2018-01-14 12:19:54,M1515929834_[104]
820,M1515929834_2018-01-14-11-37-14_tids_[104].h5,2630.0,2655.0,25.0,[104],2018-01-14 12:21:04,2018-01-14 12:21:29,M1515929834_[104]
821,M1515929834_2018-01-14-11-37-14_tids_[104].h5,2895.0,2930.0,35.0,[104],2018-01-14 12:25:29,2018-01-14 12:26:04,M1515929834_[104]
822,M1515929834_2018-01-14-11-37-14_tids_[104].h5,2950.0,3020.0,70.0,[104],2018-01-14 12:26:24,2018-01-14 12:27:34,M1515929834_[104]
823,M1515929834_2018-01-14-11-37-14_tids_[104].h5,3050.0,3140.0,90.0,[104],2018-01-14 12:28:04,2018-01-14 12:29:34,M1515929834_[104]
824,M1515929834_2018-01-14-11-37-14_tids_[104].h5,3185.0,3255.0,70.0,[104],2018-01-14 12:30:19,2018-01-14 12:31:29,M1515929834_[104]
825,M1515929834_2018-01-14-11-37-14_tids_[104].h5,3485.0,3495.0,10.0,[104],2018-01-14 12:35:19,2018-01-14 12:35:29,M1515929834_[104]
826,M1515933434_2018-01-14-12-37-14_tids_[104].h5,80.0,85.0,5.0,[104],2018-01-14 12:38:34,2018-01-14 12:38:39,M1515933434_[104]
827,M1515933434_2018-01-14-12-37-14_tids_[104].h5,100.0,120.0,20.0,[104],2018-01-14 12:38:54,2018-01-14 12:39:14,M1515933434_[104]
828,M1515933434_2018-01-14-12-37-14_tids_[104].h5,145.0,160.0,15.0,[104],2018-01-14 12:39:39,2018-01-14 12:39:54,M1515933434_[104]
829,M1515933434_2018-01-14-12-37-14_tids_[104].h5,210.0,250.0,40.0,[104],2018-01-14 12:40:44,2018-01-14 12:41:24,M1515933434_[104]
830,M1515933434_2018-01-14-12-37-14_tids_[104].h5,265.0,275.0,10.0,[104],2018-01-14 12:41:39,2018-01-14 12:41:49,M1515933434_[104]
831,M1515933434_2018-01-14-12-37-14_tids_[104].h5,465.0,675.0,210.0,[104],2018-01-14 12:44:59,2018-01-14 12:48:29,M1515933434_[104]
832,M1515933434_2018-01-14-12-37-14_tids_[104].h5,980.0,1095.0,115.0,[104],2018-01-14 12:53:34,2018-01-14 12:55:29,M1515933434_[104]
833,M1515933434_2018-01-14-12-37-14_tids_[104].h5,1180.0,2955.0,1775.0,[104],2018-01-14 12:56:54,2018-01-14 13:26:29,M1515933434_[104]
834,M1515933434_2018-01-14-12-37-14_tids_[104].h5,2975.0,3595.0,620.0,[104],2018-01-14 13:26:49,2018-01-14 13:37:09,M1515933434_[104]
835,M1515937034_2018-01-14-13-37-14_tids_[104].h5,5.0,25.0,20.0,[104],2018-01-14 13:37:19,2018-01-14 13:37:39,M1515937034_[104]
836,M1515937034_2018-01-14-13-37-14_tids_[104].h5,175.0,190.0,15.0,[104],2018-01-14 13:40:09,2018-01-14 13:40:24,M1515937034_[104]
837,M1515937034_2018-01-14-13-37-14_tids_[104].h5,275.0,295.0,20.0,[104],2018-01-14 13:41:49,2018-01-14 13:42:09,M1515937034_[104]
838,M1515937034_2018-01-14-13-37-14_tids_[104].h5,485.0,560.0,75.0,[104],2018-01-14 13:45:19,2018-01-14 13:46:34,M1515937034_[104]
839,M1515937034_2018-01-14-13-37-14_tids_[104].h5,600.0,610.0,10.0,[104],2018-01-14 13:47:14,2018-01-14 13:47:24,M1515937034_[104]
840,M1515937034_2018-01-14-13-37-14_tids_[104].h5,750.0,760.0,10.0,[104],2018-01-14 13:49:44,2018-01-14 13:49:54,M1515937034_[104]
841,M1515937034_2018-01-14-13-37-14_tids_[104].h5,1045.0,1055.0,10.0,[104],2018-01-14 13:54:39,2018-01-14 13:54:49,M1515937034_[104]
842,M1515937034_2018-01-14-13-37-14_tids_[104].h5,1115.0,1120.0,5.0,[104],2018-01-14 13:55:49,2018-01-14 13:55:54,M1515937034_[104]
843,M1515937034_2018-01-14-13-37-14_tids_[104].h5,1135.0,1165.0,30.0,[104],2018-01-14 13:56:09,2018-01-14 13:56:39,M1515937034_[104]
844,M1515937034_2018-01-14-13-37-14_tids_[104].h5,1765.0,1795.0,30.0,[104],2018-01-14 14:06:39,2018-01-14 14:07:09,M1515937034_[104]
845,M1515937034_2018-01-14-13-37-14_tids_[104].h5,1830.0,1870.0,40.0,[104],2018-01-14 14:07:44,2018-01-14 14:08:24,M1515937034_[104]
846,M1515937034_2018-01-14-13-37-14_tids_[104].h5,1890.0,1900.0,10.0,[104],2018-01-14 14:08:44,2018-01-14 14:08:54,M1515937034_[104]
847,M1515937034_2018-01-14-13-37-14_tids_[104].h5,2115.0,2120.0,5.0,[104],2018-01-14 14:12:29,2018-01-14 14:12:34,M1515937034_[104]
848,M1515937034_2018-01-14-13-37-14_tids_[104].h5,2135.0,2535.0,400.0,[104],2018-01-14 14:12:49,2018-01-14 14:19:29,M1515937034_[104]
849,M1515937034_2018-01-14-13-37-14_tids_[104].h5,2555.0,2825.0,270.0,[104],2018-01-14 14:19:49,2018-01-14 14:24:19,M1515937034_[104]
850,M1515937034_2018-01-14-13-37-14_tids_[104].h5,2865.0,3115.0,250.0,[104],2018-01-14 14:24:59,2018-01-14 14:29:09,M1515937034_[104]
851,M1515937034_2018-01-14-13-37-14_tids_[104].h5,3185.0,3540.0,355.0,[104],2018-01-14 14:30:19,2018-01-14 14:36:14,M1515937034_[104]
852,M1515937034_2018-01-14-13-37-14_tids_[104].h5,3555.0,3565.0,10.0,[104],2018-01-14 14:36:29,2018-01-14 14:36:39,M1515937034_[104]
853,M1515937034_2018-01-14-13-37-14_tids_[104].h5,3590.0,3595.0,5.0,[104],2018-01-14 14:37:04,2018-01-14 14:37:09,M1515937034_[104]
854,M1515940634_2018-01-14-14-37-14_tids_[104].h5,0.0,35.0,35.0,[104],2018-01-14 14:37:14,2018-01-14 14:37:49,M1515940634_[104]
855,M1515940634_2018-01-14-14-37-14_tids_[104].h5,50.0,80.0,30.0,[104],2018-01-14 14:38:04,2018-01-14 14:38:34,M1515940634_[104]
856,M1515940634_2018-01-14-14-37-14_tids_[104].h5,95.0,185.0,90.0,[104],2018-01-14 14:38:49,2018-01-14 14:40:19,M1515940634_[104]
857,M1515940634_2018-01-14-14-37-14_tids_[104].h5,200.0,250.0,50.0,[104],2018-01-14 14:40:34,2018-01-14 14:41:24,M1515940634_[104]
858,M1515940634_2018-01-14-14-37-14_tids_[104].h5,265.0,270.0,5.0,[104],2018-01-14 14:41:39,2018-01-14 14:41:44,M1515940634_[104]
859,M1515940634_2018-01-14-14-37-14_tids_[104].h5,290.0,335.0,45.0,[104],2018-01-14 14:42:04,2018-01-14 14:42:49,M1515940634_[104]
860,M1515940634_2018-01-14-14-37-14_tids_[104].h5,350.0,440.0,90.0,[104],2018-01-14 14:43:04,2018-01-14 14:44:34,M1515940634_[104]
861,M1515940634_2018-01-14-14-37-14_tids_[104].h5,485.0,530.0,45.0,[104],2018-01-14 14:45:19,2018-01-14 14:46:04,M1515940634_[104]
862,M1515940634_2018-01-14-14-37-14_tids_[104].h5,565.0,650.0,85.0,[104],2018-01-14 14:46:39,2018-01-14 14:48:04,M1515940634_[104]
863,M1515940634_2018-01-14-14-37-14_tids_[104].h5,690.0,770.0,80.0,[104],2018-01-14 14:48:44,2018-01-14 14:50:04,M1515940634_[104]
864,M1515940634_2018-01-14-14-37-14_tids_[104].h5,800.0,825.0,25.0,[104],2018-01-14 14:50:34,2018-01-14 14:50:59,M1515940634_[104]
865,M1515940634_2018-01-14-14-37-14_tids_[104].h5,840.0,895.0,55.0,[104],2018-01-14 14:51:14,2018-01-14 14:52:09,M1515940634_[104]
866,M1515940634_2018-01-14-14-37-14_tids_[104].h5,1005.0,1045.0,40.0,[104],2018-01-14 14:53:59,2018-01-14 14:54:39,M1515940634_[104]
867,M1515940634_2018-01-14-14-37-14_tids_[104].h5,1065.0,1130.0,65.0,[104],2018-01-14 14:54:59,2018-01-14 14:56:04,M1515940634_[104]
868,M1515940634_2018-01-14-14-37-14_tids_[104].h5,1160.0,1170.0,10.0,[104],2018-01-14 14:56:34,2018-01-14 14:56:44,M1515940634_[104]
869,M1515940634_2018-01-14-14-37-14_tids_[104].h5,1785.0,1940.0,155.0,[104],2018-01-14 15:06:59,2018-01-14 15:09:34,M1515940634_[104]
870,M1515940634_2018-01-14-14-37-14_tids_[104].h5,2290.0,2500.0,210.0,[104],2018-01-14 15:15:24,2018-01-14 15:18:54,M1515940634_[104]
871,M1515940634_2018-01-14-14-37-14_tids_[104].h5,2520.0,2635.0,115.0,[104],2018-01-14 15:19:14,2018-01-14 15:21:09,M1515940634_[104]
872,M1515940634_2018-01-14-14-37-14_tids_[104].h5,2670.0,2705.0,35.0,[104],2018-01-14 15:21:44,2018-01-14 15:22:19,M1515940634_[104]
873,M1515940634_2018-01-14-14-37-14_tids_[104].h5,2825.0,3385.0,560.0,[104],2018-01-14 15:24:19,2018-01-14 15:33:39,M1515940634_[104]
874,M1515940634_2018-01-14-14-37-14_tids_[104].h5,3430.0,3435.0,5.0,[104],2018-01-14 15:34:24,2018-01-14 15:34:29,M1515940634_[104]
875,M1515940634_2018-01-14-14-37-14_tids_[104].h5,3450.0,3470.0,20.0,[104],2018-01-14 15:34:44,2018-01-14 15:35:04,M1515940634_[104]
876,M1515940634_2018-01-14-14-37-14_tids_[104].h5,3575.0,3600.0,25.0,[104],2018-01-14 15:36:49,2018-01-14 15:37:14,M1515940634_[104]
877,M1515944234_2018-01-14-15-37-14_tids_[104].h5,910.0,945.0,35.0,[104],2018-01-14 15:52:24,2018-01-14 15:52:59,M1515944234_[104]
878,M1515944234_2018-01-14-15-37-14_tids_[104].h5,1540.0,1590.0,50.0,[104],2018-01-14 16:02:54,2018-01-14 16:03:44,M1515944234_[104]
879,M1515944234_2018-01-14-15-37-14_tids_[104].h5,1605.0,1635.0,30.0,[104],2018-01-14 16:03:59,2018-01-14 16:04:29,M1515944234_[104]
880,M1515944234_2018-01-14-15-37-14_tids_[104].h5,1650.0,1665.0,15.0,[104],2018-01-14 16:04:44,2018-01-14 16:04:59,M1515944234_[104]
881,M1515944234_2018-01-14-15-37-14_tids_[104].h5,2220.0,2240.0,20.0,[104],2018-01-14 16:14:14,2018-01-14 16:14:34,M1515944234_[104]
882,M1515944234_2018-01-14-15-37-14_tids_[104].h5,2460.0,2545.0,85.0,[104],2018-01-14 16:18:14,2018-01-14 16:19:39,M1515944234_[104]
883,M1515944234_2018-01-14-15-37-14_tids_[104].h5,2565.0,2625.0,60.0,[104],2018-01-14 16:19:59,2018-01-14 16:20:59,M1515944234_[104]
884,M1515944234_2018-01-14-15-37-14_tids_[104].h5,2715.0,2730.0,15.0,[104],2018-01-14 16:22:29,2018-01-14 16:22:44,M1515944234_[104]
885,M1515947834_2018-01-14-16-37-14_tids_[104].h5,0.0,480.0,480.0,[104],2018-01-14 16:37:14,2018-01-14 16:45:14,M1515947834_[104]
886,M1515947834_2018-01-14-16-37-14_tids_[104].h5,500.0,540.0,40.0,[104],2018-01-14 16:45:34,2018-01-14 16:46:14,M1515947834_[104]
887,M1515947834_2018-01-14-16-37-14_tids_[104].h5,560.0,630.0,70.0,[104],2018-01-14 16:46:34,2018-01-14 16:47:44,M1515947834_[104]
888,M1515947834_2018-01-14-16-37-14_tids_[104].h5,645.0,1070.0,425.0,[104],2018-01-14 16:47:59,2018-01-14 16:55:04,M1515947834_[104]
889,M1515947834_2018-01-14-16-37-14_tids_[104].h5,1145.0,1195.0,50.0,[104],2018-01-14 16:56:19,2018-01-14 16:57:09,M1515947834_[104]
890,M1515947834_2018-01-14-16-37-14_tids_[104].h5,1265.0,1400.0,135.0,[104],2018-01-14 16:58:19,2018-01-14 17:00:34,M1515947834_[104]
891,M1515947834_2018-01-14-16-37-14_tids_[104].h5,1500.0,1600.0,100.0,[104],2018-01-14 17:02:14,2018-01-14 17:03:54,M1515947834_[104]
892,M1515947834_2018-01-14-16-37-14_tids_[104].h5,1620.0,1655.0,35.0,[104],2018-01-14 17:04:14,2018-01-14 17:04:49,M1515947834_[104]
893,M1515947834_2018-01-14-16-37-14_tids_[104].h5,1685.0,1700.0,15.0,[104],2018-01-14 17:05:19,2018-01-14 17:05:34,M1515947834_[104]
894,M1515947834_2018-01-14-16-37-14_tids_[104].h5,1735.0,1880.0,145.0,[104],2018-01-14 17:06:09,2018-01-14 17:08:34,M1515947834_[104]
895,M1515947834_2018-01-14-16-37-14_tids_[104].h5,1895.0,1945.0,50.0,[104],2018-01-14 17:08:49,2018-01-14 17:09:39,M1515947834_[104]
896,M1515947834_2018-01-14-16-37-14_tids_[104].h5,2265.0,2290.0,25.0,[104],2018-01-14 17:14:59,2018-01-14 17:15:24,M1515947834_[104]
897,M1515947834_2018-01-14-16-37-14_tids_[104].h5,2315.0,2365.0,50.0,[104],2018-01-14 17:15:49,2018-01-14 17:16:39,M1515947834_[104]
898,M1515947834_2018-01-14-16-37-14_tids_[104].h5,2435.0,2445.0,10.0,[104],2018-01-14 17:17:49,2018-01-14 17:17:59,M1515947834_[104]
899,M1515947834_2018-01-14-16-37-14_tids_[104].h5,2475.0,2505.0,30.0,[104],2018-01-14 17:18:29,2018-01-14 17:18:59,M1515947834_[104]
900,M1515947834_2018-01-14-16-37-14_tids_[104].h5,2545.0,2560.0,15.0,[104],2018-01-14 17:19:39,2018-01-14 17:19:54,M1515947834_[104]
901,M1515947834_2018-01-14-16-37-14_tids_[104].h5,2615.0,2640.0,25.0,[104],2018-01-14 17:20:49,2018-01-14 17:21:14,M1515947834_[104]
902,M1515947834_2018-01-14-16-37-14_tids_[104].h5,2655.0,2675.0,20.0,[104],2018-01-14 17:21:29,2018-01-14 17:21:49,M1515947834_[104]
903,M1515947834_2018-01-14-16-37-14_tids_[104].h5,3265.0,3340.0,75.0,[104],2018-01-14 17:31:39,2018-01-14 17:32:54,M1515947834_[104]
904,M1515947834_2018-01-14-16-37-14_tids_[104].h5,3370.0,3470.0,100.0,[104],2018-01-14 17:33:24,2018-01-14 17:35:04,M1515947834_[104]
905,M1515947834_2018-01-14-16-37-14_tids_[104].h5,3485.0,3495.0,10.0,[104],2018-01-14 17:35:19,2018-01-14 17:35:29,M1515947834_[104]
906,M1515947834_2018-01-14-16-37-14_tids_[104].h5,3530.0,3590.0,60.0,[104],2018-01-14 17:36:04,2018-01-14 17:37:04,M1515947834_[104]
907,M1515951434_2018-01-14-17-37-14_tids_[104].h5,35.0,40.0,5.0,[104],2018-01-14 17:37:49,2018-01-14 17:37:54,M1515951434_[104]
908,M1515951434_2018-01-14-17-37-14_tids_[104].h5,55.0,95.0,40.0,[104],2018-01-14 17:38:09,2018-01-14 17:38:49,M1515951434_[104]
909,M1515951434_2018-01-14-17-37-14_tids_[104].h5,110.0,165.0,55.0,[104],2018-01-14 17:39:04,2018-01-14 17:39:59,M1515951434_[104]
910,M1515951434_2018-01-14-17-37-14_tids_[104].h5,195.0,210.0,15.0,[104],2018-01-14 17:40:29,2018-01-14 17:40:44,M1515951434_[104]
911,M1515951434_2018-01-14-17-37-14_tids_[104].h5,225.0,355.0,130.0,[104],2018-01-14 17:40:59,2018-01-14 17:43:09,M1515951434_[104]
912,M1515951434_2018-01-14-17-37-14_tids_[104].h5,565.0,575.0,10.0,[104],2018-01-14 17:46:39,2018-01-14 17:46:49,M1515951434_[104]
913,M1515951434_2018-01-14-17-37-14_tids_[104].h5,710.0,755.0,45.0,[104],2018-01-14 17:49:04,2018-01-14 17:49:49,M1515951434_[104]
914,M1515951434_2018-01-14-17-37-14_tids_[104].h5,1115.0,2450.0,1335.0,[104],2018-01-14 17:55:49,2018-01-14 18:18:04,M1515951434_[104]
915,M1515951434_2018-01-14-17-37-14_tids_[104].h5,2475.0,2850.0,375.0,[104],2018-01-14 18:18:29,2018-01-14 18:24:44,M1515951434_[104]
916,M1515951434_2018-01-14-17-37-14_tids_[104].h5,2870.0,3180.0,310.0,[104],2018-01-14 18:25:04,2018-01-14 18:30:14,M1515951434_[104]
917,M1515951434_2018-01-14-17-37-14_tids_[104].h5,3195.0,3415.0,220.0,[104],2018-01-14 18:30:29,2018-01-14 18:34:09,M1515951434_[104]
918,M1515951434_2018-01-14-17-37-14_tids_[104].h5,3430.0,3495.0,65.0,[104],2018-01-14 18:34:24,2018-01-14 18:35:29,M1515951434_[104]
919,M1515951434_2018-01-14-17-37-14_tids_[104].h5,3510.0,3600.0,90.0,[104],2018-01-14 18:35:44,2018-01-14 18:37:14,M1515951434_[104]
920,M1515955034_2018-01-14-18-37-14_tids_[104].h5,5.0,110.0,105.0,[104],2018-01-14 18:37:19,2018-01-14 18:39:04,M1515955034_[104]
921,M1515955034_2018-01-14-18-37-14_tids_[104].h5,145.0,190.0,45.0,[104],2018-01-14 18:39:39,2018-01-14 18:40:24,M1515955034_[104]
922,M1515955034_2018-01-14-18-37-14_tids_[104].h5,215.0,285.0,70.0,[104],2018-01-14 18:40:49,2018-01-14 18:41:59,M1515955034_[104]
923,M1515955034_2018-01-14-18-37-14_tids_[104].h5,310.0,355.0,45.0,[104],2018-01-14 18:42:24,2018-01-14 18:43:09,M1515955034_[104]
924,M1515955034_2018-01-14-18-37-14_tids_[104].h5,375.0,405.0,30.0,[104],2018-01-14 18:43:29,2018-01-14 18:43:59,M1515955034_[104]
925,M1515955034_2018-01-14-18-37-14_tids_[104].h5,420.0,450.0,30.0,[104],2018-01-14 18:44:14,2018-01-14 18:44:44,M1515955034_[104]
926,M1515955034_2018-01-14-18-37-14_tids_[104].h5,990.0,1040.0,50.0,[104],2018-01-14 18:53:44,2018-01-14 18:54:34,M1515955034_[104]
927,M1515955034_2018-01-14-18-37-14_tids_[104].h5,1060.0,1070.0,10.0,[104],2018-01-14 18:54:54,2018-01-14 18:55:04,M1515955034_[104]
928,M1515955034_2018-01-14-18-37-14_tids_[104].h5,1085.0,1145.0,60.0,[104],2018-01-14 18:55:19,2018-01-14 18:56:19,M1515955034_[104]
929,M1515955034_2018-01-14-18-37-14_tids_[104].h5,1160.0,1200.0,40.0,[104],2018-01-14 18:56:34,2018-01-14 18:57:14,M1515955034_[104]
930,M1515955034_2018-01-14-18-37-14_tids_[104].h5,1220.0,1240.0,20.0,[104],2018-01-14 18:57:34,2018-01-14 18:57:54,M1515955034_[104]
931,M1515955034_2018-01-14-18-37-14_tids_[104].h5,1335.0,1345.0,10.0,[104],2018-01-14 18:59:29,2018-01-14 18:59:39,M1515955034_[104]
932,M1515955034_2018-01-14-18-37-14_tids_[104].h5,1375.0,1390.0,15.0,[104],2018-01-14 19:00:09,2018-01-14 19:00:24,M1515955034_[104]
933,M1515955034_2018-01-14-18-37-14_tids_[104].h5,1425.0,1435.0,10.0,[104],2018-01-14 19:00:59,2018-01-14 19:01:09,M1515955034_[104]
934,M1515955034_2018-01-14-18-37-14_tids_[104].h5,1550.0,1590.0,40.0,[104],2018-01-14 19:03:04,2018-01-14 19:03:44,M1515955034_[104]
935,M1515955034_2018-01-14-18-37-14_tids_[104].h5,1645.0,1655.0,10.0,[104],2018-01-14 19:04:39,2018-01-14 19:04:49,M1515955034_[104]
936,M1515955034_2018-01-14-18-37-14_tids_[104].h5,1820.0,1860.0,40.0,[104],2018-01-14 19:07:34,2018-01-14 19:08:14,M1515955034_[104]
937,M1515955034_2018-01-14-18-37-14_tids_[104].h5,1875.0,2120.0,245.0,[104],2018-01-14 19:08:29,2018-01-14 19:12:34,M1515955034_[104]
938,M1515955034_2018-01-14-18-37-14_tids_[104].h5,2160.0,2185.0,25.0,[104],2018-01-14 19:13:14,2018-01-14 19:13:39,M1515955034_[104]
939,M1515955034_2018-01-14-18-37-14_tids_[104].h5,2300.0,2320.0,20.0,[104],2018-01-14 19:15:34,2018-01-14 19:15:54,M1515955034_[104]
940,M1515955034_2018-01-14-18-37-14_tids_[104].h5,2385.0,2470.0,85.0,[104],2018-01-14 19:16:59,2018-01-14 19:18:24,M1515955034_[104]
941,M1515955034_2018-01-14-18-37-14_tids_[104].h5,2590.0,2625.0,35.0,[104],2018-01-14 19:20:24,2018-01-14 19:20:59,M1515955034_[104]
942,M1515955034_2018-01-14-18-37-14_tids_[104].h5,2670.0,2690.0,20.0,[104],2018-01-14 19:21:44,2018-01-14 19:22:04,M1515955034_[104]
943,M1515955034_2018-01-14-18-37-14_tids_[104].h5,2820.0,2840.0,20.0,[104],2018-01-14 19:24:14,2018-01-14 19:24:34,M1515955034_[104]
944,M1515955034_2018-01-14-18-37-14_tids_[104].h5,2860.0,2890.0,30.0,[104],2018-01-14 19:24:54,2018-01-14 19:25:24,M1515955034_[104]
945,M1515955034_2018-01-14-18-37-14_tids_[104].h5,2935.0,3095.0,160.0,[104],2018-01-14 19:26:09,2018-01-14 19:28:49,M1515955034_[104]
946,M1515955034_2018-01-14-18-37-14_tids_[104].h5,3110.0,3195.0,85.0,[104],2018-01-14 19:29:04,2018-01-14 19:30:29,M1515955034_[104]
947,M1515955034_2018-01-14-18-37-14_tids_[104].h5,3270.0,3300.0,30.0,[104],2018-01-14 19:31:44,2018-01-14 19:32:14,M1515955034_[104]
948,M1515955034_2018-01-14-18-37-14_tids_[104].h5,3330.0,3375.0,45.0,[104],2018-01-14 19:32:44,2018-01-14 19:33:29,M1515955034_[104]
949,M1515955034_2018-01-14-18-37-14_tids_[104].h5,3390.0,3395.0,5.0,[104],2018-01-14 19:33:44,2018-01-14 19:33:49,M1515955034_[104]
950,M1515955034_2018-01-14-18-37-14_tids_[104].h5,3420.0,3450.0,30.0,[104],2018-01-14 19:34:14,2018-01-14 19:34:44,M1515955034_[104]
951,M1515955034_2018-01-14-18-37-14_tids_[104].h5,3545.0,3555.0,10.0,[104],2018-01-14 19:36:19,2018-01-14 19:36:29,M1515955034_[104]
952,M1515958634_2018-01-14-19-37-14_tids_[104].h5,45.0,65.0,20.0,[104],2018-01-14 19:37:59,2018-01-14 19:38:19,M1515958634_[104]
953,M1515958634_2018-01-14-19-37-14_tids_[104].h5,120.0,320.0,200.0,[104],2018-01-14 19:39:14,2018-01-14 19:42:34,M1515958634_[104]
954,M1515958634_2018-01-14-19-37-14_tids_[104].h5,360.0,430.0,70.0,[104],2018-01-14 19:43:14,2018-01-14 19:44:24,M1515958634_[104]
955,M1515958634_2018-01-14-19-37-14_tids_[104].h5,490.0,710.0,220.0,[104],2018-01-14 19:45:24,2018-01-14 19:49:04,M1515958634_[104]
956,M1515958634_2018-01-14-19-37-14_tids_[104].h5,760.0,770.0,10.0,[104],2018-01-14 19:49:54,2018-01-14 19:50:04,M1515958634_[104]
957,M1515958634_2018-01-14-19-37-14_tids_[104].h5,860.0,955.0,95.0,[104],2018-01-14 19:51:34,2018-01-14 19:53:09,M1515958634_[104]
958,M1515958634_2018-01-14-19-37-14_tids_[104].h5,1060.0,1130.0,70.0,[104],2018-01-14 19:54:54,2018-01-14 19:56:04,M1515958634_[104]
959,M1515958634_2018-01-14-19-37-14_tids_[104].h5,1145.0,1285.0,140.0,[104],2018-01-14 19:56:19,2018-01-14 19:58:39,M1515958634_[104]
960,M1515958634_2018-01-14-19-37-14_tids_[104].h5,1400.0,2075.0,675.0,[104],2018-01-14 20:00:34,2018-01-14 20:11:49,M1515958634_[104]
961,M1515958634_2018-01-14-19-37-14_tids_[104].h5,2100.0,2235.0,135.0,[104],2018-01-14 20:12:14,2018-01-14 20:14:29,M1515958634_[104]
962,M1515958634_2018-01-14-19-37-14_tids_[104].h5,2275.0,2985.0,710.0,[104],2018-01-14 20:15:09,2018-01-14 20:26:59,M1515958634_[104]
963,M1515958634_2018-01-14-19-37-14_tids_[104].h5,3020.0,3030.0,10.0,[104],2018-01-14 20:27:34,2018-01-14 20:27:44,M1515958634_[104]
964,M1515958634_2018-01-14-19-37-14_tids_[104].h5,3065.0,3170.0,105.0,[104],2018-01-14 20:28:19,2018-01-14 20:30:04,M1515958634_[104]
965,M1515958634_2018-01-14-19-37-14_tids_[104].h5,3245.0,3250.0,5.0,[104],2018-01-14 20:31:19,2018-01-14 20:31:24,M1515958634_[104]
966,M1515958634_2018-01-14-19-37-14_tids_[104].h5,3265.0,3370.0,105.0,[104],2018-01-14 20:31:39,2018-01-14 20:33:24,M1515958634_[104]
967,M1515958634_2018-01-14-19-37-14_tids_[104].h5,3395.0,3600.0,205.0,[104],2018-01-14 20:33:49,2018-01-14 20:37:14,M1515958634_[104]
968,M1515962234_2018-01-14-20-37-14_tids_[104].h5,5.0,15.0,10.0,[104],2018-01-14 20:37:19,2018-01-14 20:37:29,M1515962234_[104]
969,M1515962234_2018-01-14-20-37-14_tids_[104].h5,30.0,280.0,250.0,[104],2018-01-14 20:37:44,2018-01-14 20:41:54,M1515962234_[104]
970,M1515962234_2018-01-14-20-37-14_tids_[104].h5,295.0,335.0,40.0,[104],2018-01-14 20:42:09,2018-01-14 20:42:49,M1515962234_[104]
971,M1515962234_2018-01-14-20-37-14_tids_[104].h5,355.0,690.0,335.0,[104],2018-01-14 20:43:09,2018-01-14 20:48:44,M1515962234_[104]
972,M1515962234_2018-01-14-20-37-14_tids_[104].h5,715.0,825.0,110.0,[104],2018-01-14 20:49:09,2018-01-14 20:50:59,M1515962234_[104]
973,M1515962234_2018-01-14-20-37-14_tids_[104].h5,845.0,915.0,70.0,[104],2018-01-14 20:51:19,2018-01-14 20:52:29,M1515962234_[104]
974,M1515962234_2018-01-14-20-37-14_tids_[104].h5,945.0,1180.0,235.0,[104],2018-01-14 20:52:59,2018-01-14 20:56:54,M1515962234_[104]
975,M1515962234_2018-01-14-20-37-14_tids_[104].h5,1200.0,1240.0,40.0,[104],2018-01-14 20:57:14,2018-01-14 20:57:54,M1515962234_[104]
976,M1515962234_2018-01-14-20-37-14_tids_[104].h5,1270.0,1280.0,10.0,[104],2018-01-14 20:58:24,2018-01-14 20:58:34,M1515962234_[104]
977,M1515962234_2018-01-14-20-37-14_tids_[104].h5,1320.0,1375.0,55.0,[104],2018-01-14 20:59:14,2018-01-14 21:00:09,M1515962234_[104]
978,M1515962234_2018-01-14-20-37-14_tids_[104].h5,1455.0,1475.0,20.0,[104],2018-01-14 21:01:29,2018-01-14 21:01:49,M1515962234_[104]
979,M1515962234_2018-01-14-20-37-14_tids_[104].h5,1495.0,1515.0,20.0,[104],2018-01-14 21:02:09,2018-01-14 21:02:29,M1515962234_[104]
980,M1515962234_2018-01-14-20-37-14_tids_[104].h5,1535.0,1690.0,155.0,[104],2018-01-14 21:02:49,2018-01-14 21:05:24,M1515962234_[104]
981,M1515962234_2018-01-14-20-37-14_tids_[104].h5,1705.0,2020.0,315.0,[104],2018-01-14 21:05:39,2018-01-14 21:10:54,M1515962234_[104]
982,M1515962234_2018-01-14-20-37-14_tids_[104].h5,2040.0,2045.0,5.0,[104],2018-01-14 21:11:14,2018-01-14 21:11:19,M1515962234_[104]
983,M1515962234_2018-01-14-20-37-14_tids_[104].h5,2060.0,2485.0,425.0,[104],2018-01-14 21:11:34,2018-01-14 21:18:39,M1515962234_[104]
984,M1515962234_2018-01-14-20-37-14_tids_[104].h5,2500.0,2505.0,5.0,[104],2018-01-14 21:18:54,2018-01-14 21:18:59,M1515962234_[104]
985,M1515962234_2018-01-14-20-37-14_tids_[104].h5,2610.0,2655.0,45.0,[104],2018-01-14 21:20:44,2018-01-14 21:21:29,M1515962234_[104]
986,M1515962234_2018-01-14-20-37-14_tids_[104].h5,2805.0,2870.0,65.0,[104],2018-01-14 21:23:59,2018-01-14 21:25:04,M1515962234_[104]
987,M1515965834_2018-01-14-21-37-14_tids_[104].h5,75.0,510.0,435.0,[104],2018-01-14 21:38:29,2018-01-14 21:45:44,M1515965834_[104]
988,M1515965834_2018-01-14-21-37-14_tids_[104].h5,715.0,830.0,115.0,[104],2018-01-14 21:49:09,2018-01-14 21:51:04,M1515965834_[104]
989,M1515965834_2018-01-14-21-37-14_tids_[104].h5,845.0,970.0,125.0,[104],2018-01-14 21:51:19,2018-01-14 21:53:24,M1515965834_[104]
990,M1515965834_2018-01-14-21-37-14_tids_[104].h5,985.0,1060.0,75.0,[104],2018-01-14 21:53:39,2018-01-14 21:54:54,M1515965834_[104]
991,M1515965834_2018-01-14-21-37-14_tids_[104].h5,1075.0,1200.0,125.0,[104],2018-01-14 21:55:09,2018-01-14 21:57:14,M1515965834_[104]
992,M1515965834_2018-01-14-21-37-14_tids_[104].h5,1255.0,1340.0,85.0,[104],2018-01-14 21:58:09,2018-01-14 21:59:34,M1515965834_[104]
993,M1515965834_2018-01-14-21-37-14_tids_[104].h5,1365.0,1415.0,50.0,[104],2018-01-14 21:59:59,2018-01-14 22:00:49,M1515965834_[104]
994,M1515965834_2018-01-14-21-37-14_tids_[104].h5,1430.0,1525.0,95.0,[104],2018-01-14 22:01:04,2018-01-14 22:02:39,M1515965834_[104]
995,M1515965834_2018-01-14-21-37-14_tids_[104].h5,1585.0,1595.0,10.0,[104],2018-01-14 22:03:39,2018-01-14 22:03:49,M1515965834_[104]
996,M1515965834_2018-01-14-21-37-14_tids_[104].h5,1635.0,1660.0,25.0,[104],2018-01-14 22:04:29,2018-01-14 22:04:54,M1515965834_[104]
997,M1515965834_2018-01-14-21-37-14_tids_[104].h5,1680.0,1850.0,170.0,[104],2018-01-14 22:05:14,2018-01-14 22:08:04,M1515965834_[104]
998,M1515965834_2018-01-14-21-37-14_tids_[104].h5,1865.0,2175.0,310.0,[104],2018-01-14 22:08:19,2018-01-14 22:13:29,M1515965834_[104]
999,M1515965834_2018-01-14-21-37-14_tids_[104].h5,2200.0,2220.0,20.0,[104],2018-01-14 22:13:54,2018-01-14 22:14:14,M1515965834_[104]
1000,M1515965834_2018-01-14-21-37-14_tids_[104].h5,2240.0,2350.0,110.0,[104],2018-01-14 22:14:34,2018-01-14 22:16:24,M1515965834_[104]
1001,M1515965834_2018-01-14-21-37-14_tids_[104].h5,2365.0,2375.0,10.0,[104],2018-01-14 22:16:39,2018-01-14 22:16:49,M1515965834_[104]
1002,M1515965834_2018-01-14-21-37-14_tids_[104].h5,2390.0,2405.0,15.0,[104],2018-01-14 22:17:04,2018-01-14 22:17:19,M1515965834_[104]
1003,M1515965834_2018-01-14-21-37-14_tids_[104].h5,2430.0,2450.0,20.0,[104],2018-01-14 22:17:44,2018-01-14 22:18:04,M1515965834_[104]
1004,M1515965834_2018-01-14-21-37-14_tids_[104].h5,2475.0,2575.0,100.0,[104],2018-01-14 22:18:29,2018-01-14 22:20:09,M1515965834_[104]
1005,M1515965834_2018-01-14-21-37-14_tids_[104].h5,2590.0,2595.0,5.0,[104],2018-01-14 22:20:24,2018-01-14 22:20:29,M1515965834_[104]
1006,M1515965834_2018-01-14-21-37-14_tids_[104].h5,2610.0,2725.0,115.0,[104],2018-01-14 22:20:44,2018-01-14 22:22:39,M1515965834_[104]
1007,M1515965834_2018-01-14-21-37-14_tids_[104].h5,2765.0,2825.0,60.0,[104],2018-01-14 22:23:19,2018-01-14 22:24:19,M1515965834_[104]
1008,M1515965834_2018-01-14-21-37-14_tids_[104].h5,2850.0,2870.0,20.0,[104],2018-01-14 22:24:44,2018-01-14 22:25:04,M1515965834_[104]
1009,M1515965834_2018-01-14-21-37-14_tids_[104].h5,3020.0,3170.0,150.0,[104],2018-01-14 22:27:34,2018-01-14 22:30:04,M1515965834_[104]
1010,M1515965834_2018-01-14-21-37-14_tids_[104].h5,3310.0,3415.0,105.0,[104],2018-01-14 22:32:24,2018-01-14 22:34:09,M1515965834_[104]
1011,M1515965834_2018-01-14-21-37-14_tids_[104].h5,3435.0,3450.0,15.0,[104],2018-01-14 22:34:29,2018-01-14 22:34:44,M1515965834_[104]
1012,M1515969434_2018-01-14-22-37-14_tids_[104].h5,215.0,325.0,110.0,[104],2018-01-14 22:40:49,2018-01-14 22:42:39,M1515969434_[104]
1013,M1515969434_2018-01-14-22-37-14_tids_[104].h5,355.0,375.0,20.0,[104],2018-01-14 22:43:09,2018-01-14 22:43:29,M1515969434_[104]
1014,M1515969434_2018-01-14-22-37-14_tids_[104].h5,415.0,445.0,30.0,[104],2018-01-14 22:44:09,2018-01-14 22:44:39,M1515969434_[104]
1015,M1515969434_2018-01-14-22-37-14_tids_[104].h5,690.0,725.0,35.0,[104],2018-01-14 22:48:44,2018-01-14 22:49:19,M1515969434_[104]
1016,M1515969434_2018-01-14-22-37-14_tids_[104].h5,750.0,780.0,30.0,[104],2018-01-14 22:49:44,2018-01-14 22:50:14,M1515969434_[104]
1017,M1515969434_2018-01-14-22-37-14_tids_[104].h5,800.0,1235.0,435.0,[104],2018-01-14 22:50:34,2018-01-14 22:57:49,M1515969434_[104]
1018,M1515969434_2018-01-14-22-37-14_tids_[104].h5,1260.0,1355.0,95.0,[104],2018-01-14 22:58:14,2018-01-14 22:59:49,M1515969434_[104]
1019,M1515969434_2018-01-14-22-37-14_tids_[104].h5,1370.0,1380.0,10.0,[104],2018-01-14 23:00:04,2018-01-14 23:00:14,M1515969434_[104]
1020,M1515969434_2018-01-14-22-37-14_tids_[104].h5,1395.0,1560.0,165.0,[104],2018-01-14 23:00:29,2018-01-14 23:03:14,M1515969434_[104]
1021,M1515969434_2018-01-14-22-37-14_tids_[104].h5,1585.0,1885.0,300.0,[104],2018-01-14 23:03:39,2018-01-14 23:08:39,M1515969434_[104]
1022,M1515969434_2018-01-14-22-37-14_tids_[104].h5,1900.0,2110.0,210.0,[104],2018-01-14 23:08:54,2018-01-14 23:12:24,M1515969434_[104]
1023,M1515969434_2018-01-14-22-37-14_tids_[104].h5,2130.0,3600.0,1470.0,[104],2018-01-14 23:12:44,2018-01-14 23:37:14,M1515969434_[104]
1024,M1515973034_2018-01-14-23-37-14_tids_[104].h5,5.0,495.0,490.0,[104],2018-01-14 23:37:19,2018-01-14 23:45:29,M1515973034_[104]
1025,M1515973034_2018-01-14-23-37-14_tids_[104].h5,705.0,710.0,5.0,[104],2018-01-14 23:48:59,2018-01-14 23:49:04,M1515973034_[104]
1026,M1515973034_2018-01-14-23-37-14_tids_[104].h5,725.0,735.0,10.0,[104],2018-01-14 23:49:19,2018-01-14 23:49:29,M1515973034_[104]
1027,M1515973034_2018-01-14-23-37-14_tids_[104].h5,755.0,775.0,20.0,[104],2018-01-14 23:49:49,2018-01-14 23:50:09,M1515973034_[104]
1028,M1515973034_2018-01-14-23-37-14_tids_[104].h5,890.0,905.0,15.0,[104],2018-01-14 23:52:04,2018-01-14 23:52:19,M1515973034_[104]
1029,M1515973034_2018-01-14-23-37-14_tids_[104].h5,965.0,1045.0,80.0,[104],2018-01-14 23:53:19,2018-01-14 23:54:39,M1515973034_[104]
1030,M1515973034_2018-01-14-23-37-14_tids_[104].h5,1060.0,1085.0,25.0,[104],2018-01-14 23:54:54,2018-01-14 23:55:19,M1515973034_[104]
1031,M1515973034_2018-01-14-23-37-14_tids_[104].h5,1280.0,1365.0,85.0,[104],2018-01-14 23:58:34,2018-01-14 23:59:59,M1515973034_[104]
1032,M1515973034_2018-01-14-23-37-14_tids_[104].h5,1385.0,1395.0,10.0,[104],2018-01-15 00:00:19,2018-01-15 00:00:29,M1515973034_[104]
1033,M1515973034_2018-01-14-23-37-14_tids_[104].h5,1410.0,1465.0,55.0,[104],2018-01-15 00:00:44,2018-01-15 00:01:39,M1515973034_[104]
1034,M1515973034_2018-01-14-23-37-14_tids_[104].h5,1480.0,1590.0,110.0,[104],2018-01-15 00:01:54,2018-01-15 00:03:44,M1515973034_[104]
1035,M1515973034_2018-01-14-23-37-14_tids_[104].h5,1605.0,1630.0,25.0,[104],2018-01-15 00:03:59,2018-01-15 00:04:24,M1515973034_[104]
1036,M1515973034_2018-01-14-23-37-14_tids_[104].h5,1655.0,1710.0,55.0,[104],2018-01-15 00:04:49,2018-01-15 00:05:44,M1515973034_[104]
1037,M1515973034_2018-01-14-23-37-14_tids_[104].h5,1725.0,1975.0,250.0,[104],2018-01-15 00:05:59,2018-01-15 00:10:09,M1515973034_[104]
1038,M1515973034_2018-01-14-23-37-14_tids_[104].h5,1990.0,2050.0,60.0,[104],2018-01-15 00:10:24,2018-01-15 00:11:24,M1515973034_[104]
1039,M1515973034_2018-01-14-23-37-14_tids_[104].h5,2065.0,2690.0,625.0,[104],2018-01-15 00:11:39,2018-01-15 00:22:04,M1515973034_[104]
1040,M1515973034_2018-01-14-23-37-14_tids_[104].h5,2705.0,2840.0,135.0,[104],2018-01-15 00:22:19,2018-01-15 00:24:34,M1515973034_[104]
1041,M1515973034_2018-01-14-23-37-14_tids_[104].h5,2855.0,2930.0,75.0,[104],2018-01-15 00:24:49,2018-01-15 00:26:04,M1515973034_[104]
1042,M1515973034_2018-01-14-23-37-14_tids_[104].h5,2945.0,2950.0,5.0,[104],2018-01-15 00:26:19,2018-01-15 00:26:24,M1515973034_[104]
1043,M1515973034_2018-01-14-23-37-14_tids_[104].h5,2965.0,3095.0,130.0,[104],2018-01-15 00:26:39,2018-01-15 00:28:49,M1515973034_[104]
1044,M1515973034_2018-01-14-23-37-14_tids_[104].h5,3110.0,3460.0,350.0,[104],2018-01-15 00:29:04,2018-01-15 00:34:54,M1515973034_[104]
1045,M1515973034_2018-01-14-23-37-14_tids_[104].h5,3490.0,3600.0,110.0,[104],2018-01-15 00:35:24,2018-01-15 00:37:14,M1515973034_[104]
1046,M1515976634_2018-01-15-00-37-14_tids_[104].h5,0.0,125.0,125.0,[104],2018-01-15 00:37:14,2018-01-15 00:39:19,M1515976634_[104]
1047,M1515976634_2018-01-15-00-37-14_tids_[104].h5,140.0,160.0,20.0,[104],2018-01-15 00:39:34,2018-01-15 00:39:54,M1515976634_[104]
1048,M1515976634_2018-01-15-00-37-14_tids_[104].h5,185.0,255.0,70.0,[104],2018-01-15 00:40:19,2018-01-15 00:41:29,M1515976634_[104]
1049,M1515976634_2018-01-15-00-37-14_tids_[104].h5,275.0,500.0,225.0,[104],2018-01-15 00:41:49,2018-01-15 00:45:34,M1515976634_[104]
1050,M1515976634_2018-01-15-00-37-14_tids_[104].h5,605.0,860.0,255.0,[104],2018-01-15 00:47:19,2018-01-15 00:51:34,M1515976634_[104]
1051,M1515976634_2018-01-15-00-37-14_tids_[104].h5,980.0,2130.0,1150.0,[104],2018-01-15 00:53:34,2018-01-15 01:12:44,M1515976634_[104]
1052,M1515976634_2018-01-15-00-37-14_tids_[104].h5,2195.0,3600.0,1405.0,[104],2018-01-15 01:13:49,2018-01-15 01:37:14,M1515976634_[104]
1053,M1515980234_2018-01-15-01-37-14_tids_[104].h5,0.0,585.0,585.0,[104],2018-01-15 01:37:14,2018-01-15 01:46:59,M1515980234_[104]
1054,M1515980234_2018-01-15-01-37-14_tids_[104].h5,605.0,1050.0,445.0,[104],2018-01-15 01:47:19,2018-01-15 01:54:44,M1515980234_[104]
1055,M1515980234_2018-01-15-01-37-14_tids_[104].h5,1095.0,1125.0,30.0,[104],2018-01-15 01:55:29,2018-01-15 01:55:59,M1515980234_[104]
1056,M1515980234_2018-01-15-01-37-14_tids_[104].h5,1160.0,1325.0,165.0,[104],2018-01-15 01:56:34,2018-01-15 01:59:19,M1515980234_[104]
1057,M1515980234_2018-01-15-01-37-14_tids_[104].h5,1340.0,1880.0,540.0,[104],2018-01-15 01:59:34,2018-01-15 02:08:34,M1515980234_[104]
1058,M1515980234_2018-01-15-01-37-14_tids_[104].h5,1900.0,2025.0,125.0,[104],2018-01-15 02:08:54,2018-01-15 02:10:59,M1515980234_[104]
1059,M1515980234_2018-01-15-01-37-14_tids_[104].h5,2305.0,2330.0,25.0,[104],2018-01-15 02:15:39,2018-01-15 02:16:04,M1515980234_[104]
1060,M1515980234_2018-01-15-01-37-14_tids_[104].h5,2350.0,2370.0,20.0,[104],2018-01-15 02:16:24,2018-01-15 02:16:44,M1515980234_[104]
1061,M1515980234_2018-01-15-01-37-14_tids_[104].h5,2710.0,2820.0,110.0,[104],2018-01-15 02:22:24,2018-01-15 02:24:14,M1515980234_[104]
1062,M1515980234_2018-01-15-01-37-14_tids_[104].h5,2970.0,3090.0,120.0,[104],2018-01-15 02:26:44,2018-01-15 02:28:44,M1515980234_[104]
1063,M1515980234_2018-01-15-01-37-14_tids_[104].h5,3140.0,3170.0,30.0,[104],2018-01-15 02:29:34,2018-01-15 02:30:04,M1515980234_[104]
1064,M1515980234_2018-01-15-01-37-14_tids_[104].h5,3555.0,3570.0,15.0,[104],2018-01-15 02:36:29,2018-01-15 02:36:44,M1515980234_[104]
1065,M1515983834_2018-01-15-02-37-14_tids_[104].h5,40.0,105.0,65.0,[104],2018-01-15 02:37:54,2018-01-15 02:38:59,M1515983834_[104]
1066,M1515983834_2018-01-15-02-37-14_tids_[104].h5,125.0,145.0,20.0,[104],2018-01-15 02:39:19,2018-01-15 02:39:39,M1515983834_[104]
1067,M1515983834_2018-01-15-02-37-14_tids_[104].h5,430.0,550.0,120.0,[104],2018-01-15 02:44:24,2018-01-15 02:46:24,M1515983834_[104]
1068,M1515983834_2018-01-15-02-37-14_tids_[104].h5,615.0,690.0,75.0,[104],2018-01-15 02:47:29,2018-01-15 02:48:44,M1515983834_[104]
1069,M1515983834_2018-01-15-02-37-14_tids_[104].h5,810.0,870.0,60.0,[104],2018-01-15 02:50:44,2018-01-15 02:51:44,M1515983834_[104]
1070,M1515983834_2018-01-15-02-37-14_tids_[104].h5,1000.0,1025.0,25.0,[104],2018-01-15 02:53:54,2018-01-15 02:54:19,M1515983834_[104]
1071,M1515983834_2018-01-15-02-37-14_tids_[104].h5,1205.0,1490.0,285.0,[104],2018-01-15 02:57:19,2018-01-15 03:02:04,M1515983834_[104]
1072,M1515983834_2018-01-15-02-37-14_tids_[104].h5,1515.0,1825.0,310.0,[104],2018-01-15 03:02:29,2018-01-15 03:07:39,M1515983834_[104]
1073,M1515983834_2018-01-15-02-37-14_tids_[104].h5,1840.0,1895.0,55.0,[104],2018-01-15 03:07:54,2018-01-15 03:08:49,M1515983834_[104]
1074,M1515983834_2018-01-15-02-37-14_tids_[104].h5,1915.0,2635.0,720.0,[104],2018-01-15 03:09:09,2018-01-15 03:21:09,M1515983834_[104]
1075,M1515983834_2018-01-15-02-37-14_tids_[104].h5,2650.0,3600.0,950.0,[104],2018-01-15 03:21:24,2018-01-15 03:37:14,M1515983834_[104]
1076,M1515987434_2018-01-15-03-37-14_tids_[104].h5,0.0,180.0,180.0,[104],2018-01-15 03:37:14,2018-01-15 03:40:14,M1515987434_[104]
1077,M1515987434_2018-01-15-03-37-14_tids_[104].h5,200.0,225.0,25.0,[104],2018-01-15 03:40:34,2018-01-15 03:40:59,M1515987434_[104]
1078,M1515987434_2018-01-15-03-37-14_tids_[104].h5,265.0,475.0,210.0,[104],2018-01-15 03:41:39,2018-01-15 03:45:09,M1515987434_[104]
1079,M1515987434_2018-01-15-03-37-14_tids_[104].h5,525.0,565.0,40.0,[104],2018-01-15 03:45:59,2018-01-15 03:46:39,M1515987434_[104]
1080,M1515987434_2018-01-15-03-37-14_tids_[104].h5,585.0,660.0,75.0,[104],2018-01-15 03:46:59,2018-01-15 03:48:14,M1515987434_[104]
1081,M1515987434_2018-01-15-03-37-14_tids_[104].h5,730.0,1135.0,405.0,[104],2018-01-15 03:49:24,2018-01-15 03:56:09,M1515987434_[104]
1082,M1515987434_2018-01-15-03-37-14_tids_[104].h5,1150.0,1185.0,35.0,[104],2018-01-15 03:56:24,2018-01-15 03:56:59,M1515987434_[104]
1083,M1515987434_2018-01-15-03-37-14_tids_[104].h5,1210.0,2415.0,1205.0,[104],2018-01-15 03:57:24,2018-01-15 04:17:29,M1515987434_[104]
1084,M1515987434_2018-01-15-03-37-14_tids_[104].h5,2430.0,2825.0,395.0,[104],2018-01-15 04:17:44,2018-01-15 04:24:19,M1515987434_[104]
1085,M1515987434_2018-01-15-03-37-14_tids_[104].h5,2850.0,2895.0,45.0,[104],2018-01-15 04:24:44,2018-01-15 04:25:29,M1515987434_[104]
1086,M1515987434_2018-01-15-03-37-14_tids_[104].h5,3000.0,3015.0,15.0,[104],2018-01-15 04:27:14,2018-01-15 04:27:29,M1515987434_[104]
1087,M1515987434_2018-01-15-03-37-14_tids_[104].h5,3030.0,3050.0,20.0,[104],2018-01-15 04:27:44,2018-01-15 04:28:04,M1515987434_[104]
1088,M1515987434_2018-01-15-03-37-14_tids_[104].h5,3160.0,3170.0,10.0,[104],2018-01-15 04:29:54,2018-01-15 04:30:04,M1515987434_[104]
1089,M1515987434_2018-01-15-03-37-14_tids_[104].h5,3190.0,3230.0,40.0,[104],2018-01-15 04:30:24,2018-01-15 04:31:04,M1515987434_[104]
1090,M1515987434_2018-01-15-03-37-14_tids_[104].h5,3260.0,3335.0,75.0,[104],2018-01-15 04:31:34,2018-01-15 04:32:49,M1515987434_[104]
1091,M1515987434_2018-01-15-03-37-14_tids_[104].h5,3415.0,3555.0,140.0,[104],2018-01-15 04:34:09,2018-01-15 04:36:29,M1515987434_[104]
1092,M1515987434_2018-01-15-03-37-14_tids_[104].h5,3575.0,3595.0,20.0,[104],2018-01-15 04:36:49,2018-01-15 04:37:09,M1515987434_[104]
1093,M1515991034_2018-01-15-04-37-14_tids_[104].h5,40.0,60.0,20.0,[104],2018-01-15 04:37:54,2018-01-15 04:38:14,M1515991034_[104]
1094,M1515991034_2018-01-15-04-37-14_tids_[104].h5,75.0,85.0,10.0,[104],2018-01-15 04:38:29,2018-01-15 04:38:39,M1515991034_[104]
1095,M1515991034_2018-01-15-04-37-14_tids_[104].h5,190.0,220.0,30.0,[104],2018-01-15 04:40:24,2018-01-15 04:40:54,M1515991034_[104]
1096,M1515991034_2018-01-15-04-37-14_tids_[104].h5,905.0,920.0,15.0,[104],2018-01-15 04:52:19,2018-01-15 04:52:34,M1515991034_[104]
1097,M1515991034_2018-01-15-04-37-14_tids_[104].h5,995.0,1015.0,20.0,[104],2018-01-15 04:53:49,2018-01-15 04:54:09,M1515991034_[104]
1098,M1515991034_2018-01-15-04-37-14_tids_[104].h5,1030.0,1040.0,10.0,[104],2018-01-15 04:54:24,2018-01-15 04:54:34,M1515991034_[104]
1099,M1515991034_2018-01-15-04-37-14_tids_[104].h5,1125.0,1150.0,25.0,[104],2018-01-15 04:55:59,2018-01-15 04:56:24,M1515991034_[104]
1100,M1515991034_2018-01-15-04-37-14_tids_[104].h5,1190.0,1445.0,255.0,[104],2018-01-15 04:57:04,2018-01-15 05:01:19,M1515991034_[104]
1101,M1515991034_2018-01-15-04-37-14_tids_[104].h5,1465.0,1550.0,85.0,[104],2018-01-15 05:01:39,2018-01-15 05:03:04,M1515991034_[104]
1102,M1515991034_2018-01-15-04-37-14_tids_[104].h5,1565.0,1595.0,30.0,[104],2018-01-15 05:03:19,2018-01-15 05:03:49,M1515991034_[104]
1103,M1515991034_2018-01-15-04-37-14_tids_[104].h5,1610.0,2100.0,490.0,[104],2018-01-15 05:04:04,2018-01-15 05:12:14,M1515991034_[104]
1104,M1515991034_2018-01-15-04-37-14_tids_[104].h5,2130.0,2180.0,50.0,[104],2018-01-15 05:12:44,2018-01-15 05:13:34,M1515991034_[104]
1105,M1515991034_2018-01-15-04-37-14_tids_[104].h5,2195.0,2200.0,5.0,[104],2018-01-15 05:13:49,2018-01-15 05:13:54,M1515991034_[104]
1106,M1515991034_2018-01-15-04-37-14_tids_[104].h5,2275.0,2990.0,715.0,[104],2018-01-15 05:15:09,2018-01-15 05:27:04,M1515991034_[104]
1107,M1515991034_2018-01-15-04-37-14_tids_[104].h5,3005.0,3600.0,595.0,[104],2018-01-15 05:27:19,2018-01-15 05:37:14,M1515991034_[104]
1108,M1515994634_2018-01-15-05-37-14_tids_[104].h5,0.0,1640.0,1640.0,[104],2018-01-15 05:37:14,2018-01-15 06:04:34,M1515994634_[104]
1109,M1515994634_2018-01-15-05-37-14_tids_[104].h5,1655.0,1900.0,245.0,[104],2018-01-15 06:04:49,2018-01-15 06:08:54,M1515994634_[104]
1110,M1515994634_2018-01-15-05-37-14_tids_[104].h5,1925.0,2580.0,655.0,[104],2018-01-15 06:09:19,2018-01-15 06:20:14,M1515994634_[104]
1111,M1515994634_2018-01-15-05-37-14_tids_[104].h5,2640.0,2715.0,75.0,[104],2018-01-15 06:21:14,2018-01-15 06:22:29,M1515994634_[104]
1112,M1515994634_2018-01-15-05-37-14_tids_[104].h5,2765.0,2815.0,50.0,[104],2018-01-15 06:23:19,2018-01-15 06:24:09,M1515994634_[104]
1113,M1515994634_2018-01-15-05-37-14_tids_[104].h5,2970.0,3020.0,50.0,[104],2018-01-15 06:26:44,2018-01-15 06:27:34,M1515994634_[104]
1114,M1515994634_2018-01-15-05-37-14_tids_[104].h5,3045.0,3050.0,5.0,[104],2018-01-15 06:27:59,2018-01-15 06:28:04,M1515994634_[104]
1115,M1515994634_2018-01-15-05-37-14_tids_[104].h5,3065.0,3185.0,120.0,[104],2018-01-15 06:28:19,2018-01-15 06:30:19,M1515994634_[104]
1116,M1515994634_2018-01-15-05-37-14_tids_[104].h5,3200.0,3435.0,235.0,[104],2018-01-15 06:30:34,2018-01-15 06:34:29,M1515994634_[104]
1117,M1515994634_2018-01-15-05-37-14_tids_[104].h5,3450.0,3495.0,45.0,[104],2018-01-15 06:34:44,2018-01-15 06:35:29,M1515994634_[104]
1118,M1515994634_2018-01-15-05-37-14_tids_[104].h5,3515.0,3535.0,20.0,[104],2018-01-15 06:35:49,2018-01-15 06:36:09,M1515994634_[104]
1119,M1515994634_2018-01-15-05-37-14_tids_[104].h5,3550.0,3575.0,25.0,[104],2018-01-15 06:36:24,2018-01-15 06:36:49,M1515994634_[104]
1120,M1515998234_2018-01-15-06-37-14_tids_[104].h5,60.0,255.0,195.0,[104],2018-01-15 06:38:14,2018-01-15 06:41:29,M1515998234_[104]
1121,M1515998234_2018-01-15-06-37-14_tids_[104].h5,270.0,655.0,385.0,[104],2018-01-15 06:41:44,2018-01-15 06:48:09,M1515998234_[104]
1122,M1515998234_2018-01-15-06-37-14_tids_[104].h5,805.0,940.0,135.0,[104],2018-01-15 06:50:39,2018-01-15 06:52:54,M1515998234_[104]
1123,M1515998234_2018-01-15-06-37-14_tids_[104].h5,975.0,1000.0,25.0,[104],2018-01-15 06:53:29,2018-01-15 06:53:54,M1515998234_[104]
1124,M1515998234_2018-01-15-06-37-14_tids_[104].h5,1120.0,1155.0,35.0,[104],2018-01-15 06:55:54,2018-01-15 06:56:29,M1515998234_[104]
1125,M1515998234_2018-01-15-06-37-14_tids_[104].h5,1225.0,1250.0,25.0,[104],2018-01-15 06:57:39,2018-01-15 06:58:04,M1515998234_[104]
1126,M1515998234_2018-01-15-06-37-14_tids_[104].h5,1265.0,1270.0,5.0,[104],2018-01-15 06:58:19,2018-01-15 06:58:24,M1515998234_[104]
1127,M1515998234_2018-01-15-06-37-14_tids_[104].h5,1385.0,1530.0,145.0,[104],2018-01-15 07:00:19,2018-01-15 07:02:44,M1515998234_[104]
1128,M1515998234_2018-01-15-06-37-14_tids_[104].h5,1790.0,1805.0,15.0,[104],2018-01-15 07:07:04,2018-01-15 07:07:19,M1515998234_[104]
1129,M1515998234_2018-01-15-06-37-14_tids_[104].h5,1890.0,1915.0,25.0,[104],2018-01-15 07:08:44,2018-01-15 07:09:09,M1515998234_[104]
1130,M1515998234_2018-01-15-06-37-14_tids_[104].h5,1935.0,2000.0,65.0,[104],2018-01-15 07:09:29,2018-01-15 07:10:34,M1515998234_[104]
1131,M1515998234_2018-01-15-06-37-14_tids_[104].h5,2390.0,2400.0,10.0,[104],2018-01-15 07:17:04,2018-01-15 07:17:14,M1515998234_[104]
1132,M1515998234_2018-01-15-06-37-14_tids_[104].h5,2520.0,2550.0,30.0,[104],2018-01-15 07:19:14,2018-01-15 07:19:44,M1515998234_[104]
1133,M1515998234_2018-01-15-06-37-14_tids_[104].h5,2565.0,2585.0,20.0,[104],2018-01-15 07:19:59,2018-01-15 07:20:19,M1515998234_[104]
1134,M1515998234_2018-01-15-06-37-14_tids_[104].h5,2600.0,2620.0,20.0,[104],2018-01-15 07:20:34,2018-01-15 07:20:54,M1515998234_[104]
1135,M1515998234_2018-01-15-06-37-14_tids_[104].h5,2650.0,2675.0,25.0,[104],2018-01-15 07:21:24,2018-01-15 07:21:49,M1515998234_[104]
1136,M1515998234_2018-01-15-06-37-14_tids_[104].h5,2845.0,2860.0,15.0,[104],2018-01-15 07:24:39,2018-01-15 07:24:54,M1515998234_[104]
1137,M1515998234_2018-01-15-06-37-14_tids_[104].h5,2875.0,2935.0,60.0,[104],2018-01-15 07:25:09,2018-01-15 07:26:09,M1515998234_[104]
1138,M1515998234_2018-01-15-06-37-14_tids_[104].h5,2950.0,3255.0,305.0,[104],2018-01-15 07:26:24,2018-01-15 07:31:29,M1515998234_[104]
1139,M1515998234_2018-01-15-06-37-14_tids_[104].h5,3285.0,3600.0,315.0,[104],2018-01-15 07:31:59,2018-01-15 07:37:14,M1515998234_[104]
1140,M1516001834_2018-01-15-07-37-14_tids_[104].h5,0.0,155.0,155.0,[104],2018-01-15 07:37:14,2018-01-15 07:39:49,M1516001834_[104]
1141,M1516001834_2018-01-15-07-37-14_tids_[104].h5,205.0,550.0,345.0,[104],2018-01-15 07:40:39,2018-01-15 07:46:24,M1516001834_[104]
1142,M1516001834_2018-01-15-07-37-14_tids_[104].h5,580.0,800.0,220.0,[104],2018-01-15 07:46:54,2018-01-15 07:50:34,M1516001834_[104]
1143,M1516001834_2018-01-15-07-37-14_tids_[104].h5,815.0,860.0,45.0,[104],2018-01-15 07:50:49,2018-01-15 07:51:34,M1516001834_[104]
1144,M1516001834_2018-01-15-07-37-14_tids_[104].h5,875.0,1405.0,530.0,[104],2018-01-15 07:51:49,2018-01-15 08:00:39,M1516001834_[104]
1145,M1516001834_2018-01-15-07-37-14_tids_[104].h5,1535.0,1540.0,5.0,[104],2018-01-15 08:02:49,2018-01-15 08:02:54,M1516001834_[104]
1146,M1516001834_2018-01-15-07-37-14_tids_[104].h5,1555.0,1790.0,235.0,[104],2018-01-15 08:03:09,2018-01-15 08:07:04,M1516001834_[104]
1147,M1516001834_2018-01-15-07-37-14_tids_[104].h5,1820.0,1855.0,35.0,[104],2018-01-15 08:07:34,2018-01-15 08:08:09,M1516001834_[104]
1148,M1516001834_2018-01-15-07-37-14_tids_[104].h5,1900.0,1910.0,10.0,[104],2018-01-15 08:08:54,2018-01-15 08:09:04,M1516001834_[104]
1149,M1516001834_2018-01-15-07-37-14_tids_[104].h5,1930.0,1955.0,25.0,[104],2018-01-15 08:09:24,2018-01-15 08:09:49,M1516001834_[104]
1150,M1516001834_2018-01-15-07-37-14_tids_[104].h5,1970.0,1975.0,5.0,[104],2018-01-15 08:10:04,2018-01-15 08:10:09,M1516001834_[104]
1151,M1516001834_2018-01-15-07-37-14_tids_[104].h5,1990.0,2005.0,15.0,[104],2018-01-15 08:10:24,2018-01-15 08:10:39,M1516001834_[104]
1152,M1516001834_2018-01-15-07-37-14_tids_[104].h5,2030.0,2045.0,15.0,[104],2018-01-15 08:11:04,2018-01-15 08:11:19,M1516001834_[104]
1153,M1516001834_2018-01-15-07-37-14_tids_[104].h5,2095.0,2195.0,100.0,[104],2018-01-15 08:12:09,2018-01-15 08:13:49,M1516001834_[104]
1154,M1516001834_2018-01-15-07-37-14_tids_[104].h5,2280.0,2290.0,10.0,[104],2018-01-15 08:15:14,2018-01-15 08:15:24,M1516001834_[104]
1155,M1516001834_2018-01-15-07-37-14_tids_[104].h5,2325.0,2445.0,120.0,[104],2018-01-15 08:15:59,2018-01-15 08:17:59,M1516001834_[104]
1156,M1516001834_2018-01-15-07-37-14_tids_[104].h5,2640.0,2685.0,45.0,[104],2018-01-15 08:21:14,2018-01-15 08:21:59,M1516001834_[104]
1157,M1516001834_2018-01-15-07-37-14_tids_[104].h5,3280.0,3300.0,20.0,[104],2018-01-15 08:31:54,2018-01-15 08:32:14,M1516001834_[104]
1158,M1516001834_2018-01-15-07-37-14_tids_[104].h5,3380.0,3450.0,70.0,[104],2018-01-15 08:33:34,2018-01-15 08:34:44,M1516001834_[104]
1159,M1516001834_2018-01-15-07-37-14_tids_[104].h5,3465.0,3475.0,10.0,[104],2018-01-15 08:34:59,2018-01-15 08:35:09,M1516001834_[104]
1160,M1516005434_2018-01-15-08-37-14_tids_[104].h5,25.0,45.0,20.0,[104],2018-01-15 08:37:39,2018-01-15 08:37:59,M1516005434_[104]
1161,M1516005434_2018-01-15-08-37-14_tids_[104].h5,285.0,330.0,45.0,[104],2018-01-15 08:41:59,2018-01-15 08:42:44,M1516005434_[104]
1162,M1516005434_2018-01-15-08-37-14_tids_[104].h5,425.0,605.0,180.0,[104],2018-01-15 08:44:19,2018-01-15 08:47:19,M1516005434_[104]
1163,M1516005434_2018-01-15-08-37-14_tids_[104].h5,625.0,810.0,185.0,[104],2018-01-15 08:47:39,2018-01-15 08:50:44,M1516005434_[104]
1164,M1516005434_2018-01-15-08-37-14_tids_[104].h5,830.0,985.0,155.0,[104],2018-01-15 08:51:04,2018-01-15 08:53:39,M1516005434_[104]
1165,M1516005434_2018-01-15-08-37-14_tids_[104].h5,1305.0,1315.0,10.0,[104],2018-01-15 08:58:59,2018-01-15 08:59:09,M1516005434_[104]
1166,M1516005434_2018-01-15-08-37-14_tids_[104].h5,1330.0,1335.0,5.0,[104],2018-01-15 08:59:24,2018-01-15 08:59:29,M1516005434_[104]
1167,M1516005434_2018-01-15-08-37-14_tids_[104].h5,1550.0,1640.0,90.0,[104],2018-01-15 09:03:04,2018-01-15 09:04:34,M1516005434_[104]
1168,M1516005434_2018-01-15-08-37-14_tids_[104].h5,1790.0,1830.0,40.0,[104],2018-01-15 09:07:04,2018-01-15 09:07:44,M1516005434_[104]
1169,M1516005434_2018-01-15-08-37-14_tids_[104].h5,1845.0,1850.0,5.0,[104],2018-01-15 09:07:59,2018-01-15 09:08:04,M1516005434_[104]
1170,M1516005434_2018-01-15-08-37-14_tids_[104].h5,1960.0,2040.0,80.0,[104],2018-01-15 09:09:54,2018-01-15 09:11:14,M1516005434_[104]
1171,M1516005434_2018-01-15-08-37-14_tids_[104].h5,2070.0,2110.0,40.0,[104],2018-01-15 09:11:44,2018-01-15 09:12:24,M1516005434_[104]
1172,M1516005434_2018-01-15-08-37-14_tids_[104].h5,2125.0,2610.0,485.0,[104],2018-01-15 09:12:39,2018-01-15 09:20:44,M1516005434_[104]
1173,M1516005434_2018-01-15-08-37-14_tids_[104].h5,2625.0,2885.0,260.0,[104],2018-01-15 09:20:59,2018-01-15 09:25:19,M1516005434_[104]
